step,train_return,train_std,test_return,test_std
598,,,,
728,,,,
741,,,,
923,,,,
1053,,,,
1079,,,,
1534,,,,
1677,,,,
1703,,,,
1729,,,,
1820,,,,
1885,,,,
2002,,,,
2106,,,,
2145,,,,
2158,-18.44092965211719,75.42641050298879,,
2171,-12.941346933277181,78.90795552829034,,
2379,-4.639802445381604,88.24773242033673,,
2619,-3.1238950622334545,87.01480800391401,,
2697,-5.353278657838959,86.311367677909,,
2747,-2.5726445289794357,86.1716676718568,,
2766,-4.800011797642876,85.64378076275707,,
2783,4.2780816801118124,92.09386143682106,,
2850,2.394108589787399,91.37263608276402,,
2946,0.5247279689722095,90.7151189301305,,
2954,-0.390826998387638,89.61016367509362,,
2957,4.495761429187275,88.26856618716596,,
2960,,,,
2981,,,,
2993,,,,
3008,,,,
3016,,,,
3026,,,,
3032,,,,
3074,,,,
3266,,,,
3284,,,,
3304,,,,
3317,,,,
3499,2.8448813176022667,87.76586513497087,,
3733,1.1942163132728794,87.31529397565888,,
3772,1.4632133038144925,86.28675695695331,,
3863,3.4700872594670686,86.26362092509312,,
3928,2.134474653243325,85.72628134276573,,
3954,1.5503739346032186,84.85691454728544,,
3980,4.715378900418569,86.57329621538653,,
3993,3.2086497977174115,86.25485262534313,,
4071,2.326343133187644,85.56570311999786,,
4110,0.8544078303117315,85.29987037534308,,
4201,-0.5087026274990057,84.97995036606449,,
4318,-0.6319502373452996,85.07694926628092,,
4409,2.325572574153193,85.32183765177402,,
4578,2.266059512771317,85.37227641196901,,
4643,2.2461165699135743,85.38917844897321,,
4825,2.2912266755622115,85.35155462522532,,
4864,0.8208158819336677,85.94834482705065,,
4890,-2.5343490325886524,85.09529247339448,,
4916,-2.600794602953247,85.14729457732203,,
4929,-2.6376870122406397,85.17390747178246,,
5085,-5.158638515830389,83.262177925405,,
5111,-4.7853323370817815,83.12245884515383,,
5137,-5.209597543407581,82.80926733613342,,
5150,-7.152494875159464,83.17415003419842,,
5345,-6.749745442238054,82.9467546847396,,
5410,,,,
5553,-4.615702490270487,82.77295017358254,,
5683,-10.222462138370028,77.14317155013187,,
5707,-9.82280976703798,76.89689789319513,,
5762,-10.166450576879434,76.75594380719677,,
5772,,,,
5912,-7.005809654932818,77.40763912637333,,
5930,-7.043890743296942,77.43774709757382,,
5954,-6.726549864266417,77.2043079978936,,
5968,-6.9261339721310655,77.32052402709557,,
6022,-7.159410803713254,77.49664175119271,,
6027,-7.44769179896859,77.70046641816693,,
6031,-7.108932620756677,78.00797065853867,,
6037,-10.112007479932508,75.73899511994765,,
6041,-15.06813077623432,68.89330465800055,,
6062,,,,
6073,-15.932352260832559,68.49449066187594,,
6075,,,,
6085,,,,
6088,,,,
6130,,,,
6138,,,,
6153,,,,
6165,,,,
6228,,,,
6236,,,,
6245,,,,
6265,,,,
6287,,,-13.714513574922456,27.790971750080132
6467,-10.133159451221,75.75020550005699,,
6611,,,,
6671,,,-13.14344352866129,27.400471233225076
6801,-12.74315280205279,74.90986399104352,,
6827,-12.184949825468356,74.57227399169383,,
6892,-17.450305278400773,67.13322414616106,,
7048,,,,
7087,-18.60160980001732,66.05614486373041,,
7113,-18.388039155316072,65.93983297022893,,
7165,-16.056405549682676,66.37961871818253,,
7282,-15.448073225542903,66.36610250512341,,
7295,-16.174917401587592,66.15554638128758,,
7308,-17.942895947853103,64.00109636174115,,
7334,-18.77488702077884,63.229933257050696,,
7360,-17.654263682016172,62.958022342762085,,
7464,,,,
7555,-15.951120924632995,62.81038526617394,,
7581,-17.50019636267796,63.04447033345094,,
7841,,,,
7919,-20.359146084757523,61.426793850420324,,
7945,-20.71518994632177,61.67934272924335,,
8010,-21.323740775999614,61.86007011182043,,
8205,-25.358990038838236,57.139790298554544,,
8231,-24.726032018773257,56.85957235996911,,
8244,-25.167396288476883,57.055076336008604,,
8283,-23.56271270167781,56.905356869698075,,
8400,-22.217003424686844,56.65012826366038,,
8413,-19.65698122809874,57.29567525057061,,
8426,-22.484759830187542,55.682988656308744,,
8478,-19.492769141740865,56.97177822885725,,
8621,,,,
8673,-18.94345634421683,56.60756595927164,,
8697,-18.663965611535822,56.39974089365852,,
9009,-14.020441531073303,61.32726550893619,,
9031,-13.795010612430051,61.16734633715559,,
9041,,,,
9081,-12.061525263311342,60.752699403007576,,
9216,-11.385381920794025,60.346828742388,,
9232,-10.607346010142937,60.69894553814355,,
9239,-9.338268303173827,61.010167117263556,,
9257,-10.517669057523598,60.446140791891686,,
9281,,,,
9293,-10.75018588616862,60.5958140972355,,
9296,-10.647488457964501,60.687579072025855,,
9298,-8.878289971476187,60.29834265276266,,
9315,,,,
9316,,,-9.579706061588324,32.45280857690809
9320,-8.83900812036707,60.27380902673629,,
9335,,,,
9346,,,-9.51133681995894,31.870005487311147
9350,,,-9.231539474840373,31.350681494784425
9365,,,-8.47863416619754,31.089261515152337
9405,,,,
9425,,,-9.29725872856685,30.91064196568424
9435,,,-8.408753270356101,30.82340212927125
9441,,,-8.901952257732663,30.48074144935596
9462,,,-6.438315367379359,31.24331852175001
9543,,,-4.620684947223506,32.629160680879345
9553,,,-1.796032971186513,36.37470537270226
9564,,,-2.349270564718417,36.0503109940043
9636,,,,
9780,-10.037396294133504,60.42461932235952,,
9804,,,-2.2533567098703666,35.59003774320951
10012,,,,
10142,-13.030217118462314,59.27263232921347,,
10168,-12.438323698634049,58.855169458924195,,
10233,-12.265223196180305,58.739909942802704,,
10389,,,,
10428,-10.927203904123743,58.47145399854635,,
10454,-9.95793132667779,57.86086182342874,,
10467,-9.389547132713487,57.412240392802836,,
10506,-11.659295248080744,56.37143913118954,,
10623,-8.48100949396263,59.28016833284147,,
10636,-8.879380371595035,59.325072399822986,,
10649,-12.064969020696589,50.44374730870997,,
10727,,,,
10883,-11.634020415531705,50.188423691275744,,
10909,-11.596872610483551,50.165349801405576,,
11117,,,,
11247,-9.247343325653347,51.22260988451898,,
11273,-10.118657605919289,51.16486359280441,,
11338,-9.734775318504544,50.94248581893242,,
11520,-11.162611905148951,50.14300158406279,,
11559,-12.115150444096653,50.41190117550295,,
11572,-11.820522428745171,50.43846129769064,,
11611,-14.035227354281815,50.25967290216741,,
11715,-14.04568739561364,50.25795157901323,,
11728,-14.420264259283432,50.069831596907854,,
11741,-14.003848229139113,49.73321059699614,,
11962,-8.363858942626976,59.72849028300492,,
11986,-4.747472985893255,61.156452855923305,,
12009,-4.010304272052599,60.77230268618157,,
12306,-2.538580797536997,60.418812231613195,,
12326,-2.2408456033642867,60.29736688380806,,
12362,-0.9303770244988846,59.71068856459238,,
12483,-1.8710019830876263,59.89438956680908,,
12498,-2.4510139325243654,60.01391446620425,,
12505,,,,
12523,-1.8430313974322052,59.293616571591606,,
12561,-1.9847013772604987,59.11068241417113,,
12565,-1.366197740228381,58.8379960353377,,
12568,0.35485939264530314,58.535949326291586,,
12586,,,-2.390098272668547,35.15272036192738
12592,,,-0.9205678749074251,35.94377794158153
12595,-3.2227968469646293,53.81001977844267,,
12624,,,-2.128632480187142,36.34598408325015
12663,,,-2.937045786657024,36.30092650587065
12671,,,-2.7468281103779604,35.90771637542958
12696,,,-1.5584408348193393,36.37102129144086
12792,,,-0.9629667220692879,36.19461395117998
12820,,,-1.5203036131351837,35.68769801441404
12901,,,-2.3870621876071247,35.828489958384786
12911,,,-2.219918434784049,35.48768791447816
12922,,,-2.3129611080663746,35.4758566967311
12934,-3.4275744689360725,54.0132893579482,,
13006,,,,
13102,-3.806863900060998,53.94328716685668,,
13138,-3.974242706607329,54.04081573805489,,
13174,,,-1.632131700279424,35.05153180333767
13330,-5.358718607585178,53.88945005690972,,
13499,-6.7775774955097585,53.69757913276646,,
13512,,,,
13538,-3.412398916222155,55.06693574169577,,
13811,-4.082637665120419,55.425815911939075,,
13850,-4.0822042661509474,54.85621068855126,,
13967,-4.311512906856369,54.77412447807167,,
13980,-2.503231940965634,54.87590605302561,,
13993,-1.6369516330072655,54.50739703337733,,
14006,,,,
14019,-1.5220860500540585,54.38320400881818,,
14045,-1.8807080187741667,54.69133515022886,,
14227,0.7851286247372627,55.658570479716545,,
14253,-0.21491219770163297,55.930835360903984,,
14292,3.5523133527161552,60.44091562808647,,
14500,,,,
14630,6.6113846927220585,61.96234805765162,,
14656,7.670137372870522,61.78099117987658,,
14929,10.602524116795976,63.04338473305937,,
14968,6.5824343519844115,61.97926027764411,,
15007,,,,
15085,5.8871333451801915,61.53695061167438,,
15111,8.660941113079899,61.46459246991439,,
15137,6.830609062192962,60.93752179450682,,
15150,10.518235221907963,64.20505754689833,,
15305,10.778270705873148,64.06699698161533,,
15336,10.20016930277925,64.45191642687502,,
15355,10.170660481320228,64.47964138260936,,
15508,,,,
15589,11.442103187360335,64.89090577250005,,
15606,14.712808565134182,66.32280103862898,,
15754,18.723531380707865,69.31719024457661,,
15779,19.46237865646486,69.19166356628526,,
15817,20.795267191027524,68.59290923833072,,
15821,19.1731569041044,64.54113654985551,,
15824,16.949229962844402,63.35661396089052,,
15828,,,-1.28698085167096,34.99534232006373
15830,,,0.27053042459185234,34.103199754087214
15872,,,2.6804483373544645,37.377586011529786
15880,,,3.014464416251285,36.83954717256026
15885,,,3.8831339423160536,37.14881321758345
15891,16.981790656466035,63.339204513908044,,
15987,,,3.9199365026678423,37.084384604205034
16005,,,,
16035,,,5.2237374164687935,36.38948053345624
16049,,,4.696183279366233,36.55032822231182
16217,,,6.191555350814014,38.04026738019106
16253,,,7.371828536149114,38.446890344100254
16353,,,7.373569839000702,38.44525340511448
16364,,,6.790270395752741,38.5673874692359
16376,17.097487312303855,63.34800289626451,,
16388,16.17854385943152,64.20071362560812,,
16508,,,,
16556,16.667342599448165,64.2015524155528,,
16580,18.313811174507137,63.869241713240115,,
16592,18.818101261953707,63.592491640904754,,
16628,,,6.9802439181471705,38.48897298020822
16719,17.99999301301956,64.31498680419817,,
16875,17.38088792708877,64.19233445428306,,
16979,16.508905012714678,63.752804855651526,,
17005,,,,
17213,15.512541992415208,64.57786200017499,,
17265,16.601761559091972,65.30568521340545,,
17304,18.725214855913073,65.91251888469989,,
17434,21.312702299146913,65.23020381062584,,
17447,20.292408026208868,65.99909536952188,,
17473,22.004884612237802,65.53373210419102,,
17512,,,,
17668,21.958437494697282,65.5737793224329,,
17681,23.39334487805725,65.11112180048167,,
17707,21.082437634930248,64.35598238227122,,
17733,21.290131577892463,64.1423727681363,,
17824,21.65016180477687,63.86784235654712,,
17980,20.659745217842282,64.16038193745442,,
18006,,,,
18084,19.45962201775168,64.91111293022007,,
18227,22.854156533713684,70.36114941055367,,
18336,25.647285714718745,72.00520858354398,,
18358,27.715559618413682,71.06412636579773,,
18402,28.05519981906866,70.69554199015414,,
18501,,,,
18512,28.108155000359986,70.7399916351622,,
18523,28.980929543060483,70.16230471574175,,
18677,24.024654327254975,69.08746599298094,,
18738,20.489420814667536,68.53626341126903,,
18755,18.663844775554026,67.35138684258759,,
18811,19.457800543148768,66.6675418800762,,
18896,19.28028392622131,66.85187370525203,,
18951,19.68183029568172,66.96408167384045,,
19002,17.10685612470261,67.62840019425384,,
19015,,,6.704681474282406,38.57621893654194
19055,,,8.36586065461801,37.8018941121018
19073,16.743253703968367,67.76520938069868,,
19088,18.252417309585727,67.76170082072062,,
19133,15.573415117311525,64.83532675093235,,
19179,,,9.697788911368116,38.22398122769122
19199,,,11.738120439528721,38.292404673073996
19204,,,10.797444864098216,39.17765437336147
19210,15.51033887937083,64.86841661698787,,
19251,,,9.213252725113415,39.51723843915181
19323,,,8.85509549643495,39.586393442911444
19386,,,9.426973320314428,39.82261209546385
19466,,,9.496845808777726,39.821115639264505
19484,,,8.063697728407568,40.74802525153204
19494,15.518741703493287,64.86037787698532,,
19504,,,,
19564,17.414797182834008,64.2675626275151,,
19604,,,7.106307805799879,41.455818782350846
19769,,,4.669604706056416,40.48808670782099
19781,14.860678942544618,64.91900823261018,,
19937,15.014944564650069,65.18575871644518,,
19997,10.682101247452083,62.02141053550069,,
20009,,,,
20021,,,4.254594859406352,40.71809008789611
20112,9.50984536363918,62.36170751343002,,
20268,8.661193231254874,62.62168026569705,,
20372,7.322852785049181,63.025311421823275,,
20515,6.306118065011397,61.16737050343341,,
20541,9.56336682759429,64.60030859221085,,
20658,8.35660631048464,64.86837403330725,,
20697,9.708485065819405,64.01351884810326,,
20827,13.539539667553909,70.44731625993003,,
20892,11.62665657800826,70.84473370306151,,
20905,11.595835570941853,70.85177399298234,,
21009,,,,
21074,11.661861761219043,70.7879094460435,,
21139,9.969616574684332,71.69481611042941,,
21152,8.56646977111901,72.02589017266307,,
21256,8.584252947766508,72.00856499639373,,
21412,6.065036686063104,71.43331582483077,,
21503,,,,
21516,3.72827958299109,70.57158265352084,,
21659,2.089503695133899,70.02288996911703,,
21685,2.8715018958962175,69.60753096938166,,
21769,2.1361238334715016,69.34078730428125,,
21803,1.7440121231804733,69.60855642418097,,
21924,2.7303432346525733,70.4522259965342,,
21965,3.3830699300620837,70.44184653912274,,
21985,4.005011967187202,70.19555913672234,,
22004,,,,
22094,4.179373073931238,70.15066639564338,,
22135,5.639134461017711,70.3391805407241,,
22150,8.753947067097215,71.23508812516505,,
22185,3.233370179024096,65.53537955940003,,
22198,0.14052182078248734,62.78923482432834,,
22259,-0.2760538082045605,62.553314615248205,,
22336,1.4360820899776081,62.59926831537099,,
22346,,,3.1850182432774456,41.54646384402959
22374,,,1.8471229533385485,42.26822074186357
22379,,,3.216092734513804,42.19809638744595
22391,-1.0256225549603915,61.527659280504736,,
22452,,,2.15473227832932,42.45098272946816
22470,0.4830348695454086,62.54227302006894,,
22486,,,2.510064260852523,42.298926316913764
22504,,,,
22558,,,1.4197016959311441,42.182262537629306
22593,4.043314949806118,62.79445245605527,,
22630,,,0.8631765567464754,41.92253930745283
22644,,,0.449982422827743,41.44664576428769
22740,,,0.19324942017043212,40.86556396240206
22911,,,0.6376988243178857,40.733498874501926
22921,6.162803556901672,64.24390429982162,,
22991,5.90668664992907,64.44191517796996,,
23001,7.073419442408522,65.1748800900528,,
23041,,,0.7211621090194603,40.739232665085424
23118,,,-0.2049295950976739,41.44092056258305
23178,6.419695841734101,65.59376443062597,,
23250,6.816760976532278,65.28380506703307,,
23394,7.216337504874718,65.59636656256521,,
23466,,,-1.0976538545788572,40.65375346829431
23505,,,,
23531,8.302686313301129,64.86454623187093,,
23544,10.020557186988917,65.29082246230591,,
23700,9.40845508286151,65.00847107514092,,
23960,8.931386268459065,64.99921236907635,,
23973,9.15794123513977,64.91747058911606,,
24012,,,,
24064,9.213573919072552,64.87107086481217,,
24077,7.893650990900387,64.82771581199859,,
24129,10.831956028294552,64.82339341029594,,
24207,7.727832057633241,62.66131671193776,,
24285,10.592576928488597,63.27262917124684,,
24363,10.604435027463515,63.26371402695907,,
24415,15.410789462442954,68.78721591555679,,
24506,15.949845536728716,68.42092002511406,,
24649,13.225988437149535,67.9341326886353,,
24675,14.85127212579162,68.26943198369544,,
24844,10.938693180969313,65.63206949168443,,
25000,,,,
25091,11.286117626971427,65.43052343169379,,
25117,12.157649603162755,65.59212080673208,,
25189,7.14766678916556,58.70762588234169,,
25212,7.832326990748152,58.235862908593994,,
25232,6.8726844225408055,58.83729534017588,,
25302,8.23009923433685,58.16818437635116,,
25352,11.576369004638728,58.402625813276906,,
25407,15.875713335128712,62.0429363777379,,
25432,21.35087779601312,66.89428227789186,,
25447,21.115477474186665,67.12752556437138,,
25496,22.111808728253564,66.76970446794796,,
25503,,,,
25563,25.034945374258424,68.28399526829988,,
25574,25.655424800558578,68.05749454425853,,
25695,25.06935858838642,68.32130252085031,,
25705,,,0.4420363071410611,40.16454698244939
25733,,,2.9493517254515247,41.64165371801728
25738,,,4.594891288102481,43.29990634167052
25750,29.53079795757425,70.18501239129249,,
25776,,,2.4613711582951874,43.60117503942866
25794,27.83879522133968,69.80278260720607,,
25825,,,2.8554854689621063,43.89870066810874
25879,,,4.354718096953693,44.010799771910015
25886,27.385697507188887,69.93692265430276,,
25935,,,4.682334275752182,44.05233960514871
26005,,,,
26012,,,6.1306633191207585,43.61653859371619
26028,,,7.71767650019854,45.003386744649504
26298,,,7.8641517233896225,44.98968305680345
26308,30.342000210887054,71.46068994359639,,
26378,29.619702196033906,72.04108367855841,,
26388,29.03586494902731,71.98797307116052,,
26428,,,9.327322553820085,45.66926745487271
26461,28.244027167955647,71.35833858238293,,
26505,,,,
26516,,,8.317197502139134,46.384890411517716
26564,29.363901752194508,70.37504587629753,,
26684,31.58987249982485,70.58059221714468,,
26708,,,11.279441047539112,51.40703487259189
26786,30.282059553239378,71.29261712289107,,
26929,28.832468257077853,71.71296370516488,,
26955,29.41027364870708,71.3170953444039,,
27007,,,,
27358,29.570217599041644,71.43736880879584,,
27371,27.140136684153113,71.21243955316712,,
27462,26.850455807386314,70.9381793625982,,
27475,28.203207239666373,70.09754779458054,,
27501,,,,
27514,26.303228952222852,70.0536342995307,,
27579,30.169300601547,70.98141959778921,,
27631,30.21113555638527,70.94387642402721,,
27696,28.26221697127854,71.21161055798717,,
27813,30.34644160887634,71.61369932118869,,
27826,28.03518405409937,72.21519140424613,,
27917,29.42391578905692,72.79846175368013,,
28008,,,,
28060,30.057762630441577,72.66434026493768,,
28086,29.763150768391206,72.85062271304513,,
28489,32.766267312634156,72.8615685434117,,
28502,34.786907388314724,72.70679605864021,,
28587,34.834063885652576,72.73863036648095,,
28599,34.26163433120877,73.30918031263218,,
28630,31.996643696388347,73.17120477606298,,
28670,32.283311541868024,72.92929586181032,,
28707,27.71853043614712,68.74564245388356,,
28752,28.067719672348467,68.5593603878018,,
28825,30.35936944141344,68.11514226009422,,
28840,31.785020577647373,69.63219563209373,,
28896,35.63646814866399,70.88129474572557,,
28956,36.228691682316715,70.55179863224087,,
28967,35.69568465919642,70.57921906847706,,
29000,,,,
29088,38.29326173312788,70.4964219778393,,
29098,,,9.477195852277909,49.44671105905143
29126,,,10.702403370319043,48.74705392940437
29131,,,12.715223247427602,51.82702138355376
29143,41.01939294103359,70.99020402849982,,
29169,,,13.765726841334363,50.86265682454254
29187,41.32146909218107,70.61927486410983,,
29218,,,12.536254266274737,51.49449348796379
29272,,,12.34816013347252,51.62761909215124
29279,41.84111990883539,70.50187540242536,,
29328,,,11.093157763172748,50.72288761165353
29405,,,9.772045067631517,50.56627723316475
29421,,,10.844393201503081,50.306353813471766
29502,,,,
29691,,,11.449443158705945,50.16683752868988
29701,40.45057524948439,70.07189295513814,,
29771,37.724364213837546,67.49733359550218,,
29781,33.200746077693765,63.057906490448254,,
29821,,,14.48386048921453,53.59569674947421
29865,33.951542335025735,62.26887100133849,,
29909,,,15.76810899677872,53.70900740754734
29957,36.0243759942276,63.564003147075674,,
30005,,,,
30065,32.60520395120722,62.92394563038162,,
30101,,,15.56022588548727,53.6687291385603
30179,32.637392073889494,62.915839973350856,,
30244,37.35775208773208,67.47911603018628,,
30322,35.2128223332495,64.95717676386805,,
30348,34.628044296250444,65.38199617330048,,
30504,,,,
30751,37.240643192844,66.37268189838105,,
30764,36.16653638296062,65.1368470342311,,
30855,36.690280813076534,64.57912227721893,,
30868,35.54211320924107,65.34860166004859,,
30946,33.548842270150196,65.91174300123181,,
31011,33.67927164137305,65.84090933132627,,
31076,33.05453145774023,65.42543217666827,,
31193,34.727158289439394,64.59037273088671,,
31206,35.23746334875876,64.19697692051888,,
31297,36.1770581888681,63.93816350785635,,
31375,34.53741949426825,63.660234596906804,,
31440,38.14516144194524,65.23091504412282,,
31466,38.803724085480205,65.8842244600705,,
31505,,,,
31869,38.28723216637387,66.14970832930742,,
31895,41.49145772646065,67.18735268313436,,
31967,37.78352014212753,66.66239401917663,,
31979,38.21256755767332,66.2769240832045,,
32000,,,,
32040,39.874379782415346,65.60280217723749,,
32077,38.54373924000131,65.14050316290475,,
32113,38.15544280450733,65.70649399338616,,
32122,38.67666116186825,66.24776366952273,,
32186,37.55834849175939,66.85067182116092,,
32199,36.833311794134204,67.6997085370605,,
32271,37.422940293936406,68.42929528264389,,
32302,37.597418386629435,68.54538771828078,,
32311,36.0252367889561,68.33940732957528,,
32390,,,13.36726870243914,54.27460263833355
32402,,,11.026227796527783,54.60629847546198
32407,36.3240340733953,67.98322592864878,,
32420,,,14.603196860699208,56.404767350593644
32445,,,14.194264561457786,56.85720574625794
32463,,,15.271024214509488,56.94481541461635
32505,,,15.965724103334905,57.44992144054541
32529,36.0171767618187,68.26644126324753,,
32565,,,15.78691506312749,57.48100837529792
32645,,,16.721029928870813,56.728475793786814
32654,36.51688443691994,67.92806312422003,,
32807,,,18.582479060044825,56.139645957060324
32825,,,21.397358521837123,56.719505551440555
33005,,,,
33065,38.56063435144315,67.7581423542218,,
33095,42.79241513059067,71.7097327205813,,
33105,41.86312073360721,71.60990364710315,,
33135,,,21.414632834065088,56.70446149576208
33146,38.19076032738609,71.18985158851864,,
33234,34.450067917528216,69.97382252046435,,
33300,33.98397665229684,70.20308798531295,,
33355,,,24.979899663407668,57.39553955461068
33403,35.044453908407014,70.36912396822169,,
33511,,,,
33523,34.49151801160639,69.96649224828724,,
33547,,,26.959844597265437,56.35077734718801
33781,32.18910812122849,68.98146291945089,,
33794,32.833144647200676,68.46950477512581,,
34002,,,,
34119,31.475886779884895,69.01158295447091,,
34171,31.690333038373936,69.0174690371007,,
34184,30.024028856122023,69.89610439445855,,
34197,30.773151791886047,69.6251112607072,,
34223,30.531613400078932,69.79904325900227,,
34327,27.83485116854179,68.64913094718676,,
34405,28.169628624970645,68.36100782202554,,
34457,30.364341394884832,69.73358383093041,,
34509,,,,
34522,28.02351757763405,65.28418048353765,,
34652,26.136733548757476,65.67980874160918,,
34665,29.653865726422374,67.4233097187924,,
34912,25.68595552236875,67.46084364922419,,
34925,27.66303176845526,70.56229265906848,,
35003,,,,
35250,30.01070535988416,70.90452091738415,,
35287,30.578374054458546,70.48513546801675,,
35299,33.1150088490166,70.4037899154236,,
35320,32.20127994116323,71.10634527051474,,
35340,33.04211505642088,71.69276963356842,,
35413,32.57158999349849,71.70142369567674,,
35470,32.77367821887063,71.61816913951179,,
35491,32.11548581145631,71.68568426910936,,
35505,,,,
35519,30.918538328287976,72.61899216934407,,
35580,29.589566997126532,70.93195914499196,,
35591,27.1734512416691,69.86151757461181,,
35616,,,30.791886490429132,62.876466794010625
35700,26.515816329039954,70.34544103536255,,
35705,22.721936196030438,69.14223741348957,,
35810,,,31.89070683413589,62.212303436098786
35825,,,33.26403457468779,62.09825072910834
35831,,,34.305374269647835,61.61803759041737
35838,25.848084028779848,69.6056020374277,,
35899,,,33.652182012008815,62.07697988788135
35941,,,33.44306499000111,62.07845829980062
35965,28.06663589490272,70.16155118627262,,
36001,,,33.56191397748756,62.18657822948439
36033,25.660051145643664,71.29083194831233,,
36081,,,36.10683574449023,63.32980165601467
36090,27.68502116218835,72.76974756472065,,
36171,33.219427736407816,75.83751748365387,,
36243,,,38.11188269855207,63.91538727703976
36261,,,39.31815651724333,62.72308632836357
36501,,,,
36511,31.398406460072582,74.81911188972732,,
36531,32.08399068803686,74.44873285240803,,
36571,,,38.50532671680369,63.31649855529157
36659,33.6213849103979,73.32243099819816,,
36725,30.514986042712554,72.19695703147272,,
36780,,,36.761344949991184,64.83812801866287
36828,28.983807490870095,71.78406556000006,,
36876,31.414625155675893,73.0277449565097,,
36936,34.460259572788345,73.26076639405525,,
36972,,,35.5605242553509,64.42391526196069
37011,,,,
37102,35.34934926604081,72.6874716274206,,
37193,37.21631529739869,73.02160412443305,,
37219,36.11299378316428,72.73783645718875,,
37505,,,,
37544,30.81986229970629,69.3254276083647,,
37596,32.587370912903424,70.31971040211103,,
37635,32.7268192092322,70.1752226747082,,
37739,37.049645761083084,72.53371866009122,,
37817,37.04913418124357,72.53406406709387,,
37882,37.44508544137978,72.77756859887674,,
37934,35.53230078248773,73.09933389613352,,
37986,37.083252374581065,73.26821334970013,,
38011,,,,
38047,42.78735720048193,76.81538185977585,,
38070,43.45761041565798,76.92413300037627,,
38180,45.802785936240106,75.89825328077413,,
38261,47.31621672034729,76.20009151104848,,
38281,47.03976425391622,76.48860506404526,,
38501,,,,
38551,46.78124290711712,76.69818027175849,,
38579,47.23708008795511,76.35150019259244,,
38660,46.70435466180672,75.88238474640747,,
38709,44.09817723459448,76.27846399748643,,
38738,44.08573696304928,76.29122033065401,,
38766,44.09277947956114,76.30090324069558,,
38803,,,33.9099051549581,64.12321935761679
38838,45.08405710869818,75.09652258830575,35.867492328641674,62.83122851307167
38845,41.06712168644066,72.87807676767378,,
38922,,,36.01288254439059,62.861843462109896
38978,38.52394036681275,73.07098374304847,,
38993,37.920471833561315,73.5734555315375,,
39000,,,,
39162,,,35.35006812163789,62.944868692196295
39176,35.26697477816953,73.9306377037257,,
39237,,,35.23805932953648,62.9800967099752
39279,,,34.76287297932126,63.11918764541679
39303,38.048874256158015,73.48913168149741,,
39339,,,34.08574172599634,62.75372494918153
39371,35.61582825630321,73.29750924065672,,
39411,34.78475506448536,73.7074020301603,,
39419,,,35.15800696798062,62.74394775329848
39428,37.224562301816185,74.79808144028874,,
39501,,,,
39509,36.4857906214532,75.2577661769063,,
39581,,,35.81409551039731,63.235001683379544
39599,,,38.43469260933503,62.37342507596749
39859,39.35325198933599,74.45718924450019,,
39899,,,36.09928653189607,59.6519110911939
39987,37.65701859186986,74.29223886154871,,
40009,,,,
40053,37.869608857693386,74.19694221489246,,
40108,,,36.25494065087449,59.620293661782746
40156,38.53377619142295,73.63283093410803,,
40204,41.00941720727482,72.75376572864373,,
40264,35.75011862408486,72.58523064712601,,
40300,,,38.034478610867374,60.21508549067505
40417,36.473966480317756,71.73756345546111,,
40456,38.15433159109321,74.82397137867184,,
40508,,,,
40534,33.1744949271169,71.42999668114741,,
40560,32.632748741098915,71.56287549169454,,
40573,36.4761870805372,75.23320430953689,,
40950,36.31136162787792,75.28435616129434,,
40963,40.918514422440204,78.71482060438865,,
41002,,,,
41067,40.23024936130387,79.12382730120225,,
41184,38.25367355831084,78.13443904250381,,
41249,35.57444681981462,77.76392025798744,,
41301,36.01151133760461,77.68075661365006,,
41362,36.66230475677818,78.3842817608677,,
41385,40.757712182774554,78.93649943614537,,
41495,39.42177636674547,78.22790674785031,,
41506,44.34542096373567,80.98423999165098,,
41526,40.127371852108624,79.18281836233253,,
41598,39.42571108628006,79.7941433504499,,
41831,39.52716147328072,79.8638975856263,,
41839,41.904484510126494,79.71840449307292,,
41896,43.62113955406748,81.49042236168295,,
41921,37.848743083312144,78.78721213728733,,
41975,37.19037301626333,79.0091609084582,,
42001,,,,
42006,,,34.85787889952931,58.983007376086626
42036,35.0961540859034,79.43601421957541,35.86452388009682,58.67797605333519
42042,33.26813873565101,79.66691797741589,,
42108,31.47485739059557,79.1620236441031,37.37863745517257,57.56677673503238
42121,,,38.42991227970153,56.82466396710357
42184,,,38.33986973019011,56.861727768502654
42352,36.624996522346486,82.68120202020238,,
42416,36.234451129481165,83.00101579372208,,
42431,,,37.42539225969158,58.092171862118676
42495,,,37.22536385421685,58.152172225393926
42504,,,,
42522,36.27465453975645,82.98403961670715,,
42603,,,36.1235195271518,59.08321763153537
42639,37.209338296514616,83.9616438029706,,
42684,37.20870633424507,83.96215969162405,,
42693,,,33.22093540919348,57.07336217274472
42703,38.652007184226676,83.3360062128802,,
42812,,,31.352148960641205,57.95199209811342
42822,36.54081726624878,81.83309241868268,,
42902,36.99446331742467,81.56640985286717,,
43002,,,,
43012,,,29.739939187244598,59.32617887724727
43023,41.69582616639571,85.04851166356069,,
43078,46.42974595534863,87.5155942482648,,
43133,47.217683239907636,86.92803424560456,,
43232,47.35952577579083,86.79181913716522,31.5443059108789,58.07187702994818
43328,45.76532286259593,86.64309977758707,,
43388,,,31.99848316716132,57.486581417709225
43505,45.82421258523377,86.60058478082244,,
43557,49.3033022084205,87.30418072145605,,
43635,46.10917306380128,87.20776110788046,,
43778,46.23496208467535,87.10481933307439,,
43895,44.08969604768805,87.35291041759446,,
44012,,,,
44025,43.89376114540748,87.45503902539356,,
44051,45.692218787651655,87.65972989388545,,
44112,45.507979358351,87.7819247279355,,
44160,48.094508008938426,90.49600324664499,,
44183,48.5268480479905,90.1820060328847,,
44264,49.01428081697333,89.86370558807312,,
44274,52.05403876056444,89.69993541078973,,
44354,51.192513199323,88.33765563260938,,
44394,52.90612327287454,87.39762432198829,,
44484,52.7124522881351,87.52124958446394,,
44504,,,,
44524,52.84860945039909,87.75639882532353,,
44584,54.7111718440942,87.79250514468873,,
44693,49.63138661345016,85.92328002976406,,
44774,52.2775124769799,85.66630185036693,,
44879,,,30.27819186400724,55.78557983670565
44915,53.33210813686732,85.70009967583592,,
44956,,,31.777933271304793,54.36922587882038
44974,,,32.576143962586066,54.86698594046016
45004,,,,
45054,52.26838676879197,86.36923339055693,,
45127,52.38767705051243,86.33584042844087,,
45160,51.64235575548911,85.81161657425717,,
45232,50.1897555083684,84.71324350686261,,
45261,49.974381568501265,84.73127815835606,,
45304,,,31.57530125775491,54.54726212914458
45381,47.64949260092762,81.86756222597253,,
45442,,,33.30395002090023,54.93227809946154
45505,52.4652810548195,84.26336286494141,,
45518,57.576403859401616,85.81031431077308,,
45524,55.22826416459953,86.30704642341132,,
45554,,,34.16308256988996,54.639776617396386
45572,54.1324710764279,86.13941167785146,,
45584,51.195916203177475,84.6675818816951,,
45644,,,33.37196862240904,54.7440557299974
45700,,,32.0900380986149,53.86574058887562
45804,,,34.66302865835678,54.02771702285257
45840,,,31.632265407762752,53.20977797304511
45890,52.249003188247734,83.52250090631851,,
46000,,,,
46020,,,30.79121207883887,53.31683697101912
46108,53.22284564948728,83.12597598251003,,
46229,,,25.41625493595682,46.45141129325295
46253,53.676297032051664,82.71872887302288,24.968908223075122,46.59917985420781
46318,53.48511976912705,82.90324778294838,,
46331,57.56946400050161,85.64060910228041,,
46370,52.746114672721305,83.2208425360457,,
46396,54.180781896757836,82.20147385977354,,
46500,,,,
46513,55.74830665242218,81.94246748688644,,
46617,54.43934739175107,80.98485927436217,,
46825,56.81517228307988,80.17170461683249,,
46903,57.8697474661129,80.26037839698189,,
47007,,,,
47059,59.03115203395632,80.4654755280563,,
47176,60.052704264485804,80.03364945839834,,
47319,59.804117983655594,79.56563144705859,,
47332,59.99235502384749,79.43846003257646,,
47368,61.587017997439546,78.54220153086574,,
47424,64.41016830061707,78.26534379224077,,
47435,60.772508145087926,78.33071055722283,,
47490,63.4634226549571,77.48941134041868,,
47501,,,,
47531,68.08859925308876,79.13392356352718,,
47649,69.18360943356208,78.30182373441225,,
47793,70.89961624359393,77.56183522255759,,
47955,68.13808750064723,78.93249684395883,,
48000,,,,
48036,67.5443146506013,79.68024098803907,,
48117,66.36971223772183,78.06174542960596,,
48132,68.69994555254146,77.58954472397572,23.21280677534014,46.8339226705873
48148,68.38825841161102,77.88690956245183,,
48164,,,23.451211891996937,46.904730422203485
48200,68.59248802906048,78.03964673537875,,
48209,64.79353717495367,77.5915508657152,,
48252,,,24.00085039293699,46.48343209989756
48284,,,26.257848026429564,49.2730302563799
48392,62.7452336658971,79.37380540172222,,
48505,,,,
48521,62.86392034081422,79.27251346195527,,
48648,60.34662774027937,76.59142499403738,,
48709,,,23.76483629308015,48.98578994633776
48779,59.26009467528813,76.3772162448083,22.745417502191412,47.3367090391084
48787,60.75531674293481,75.08420336314805,,
48802,58.86789947753452,75.03948061516043,,
48809,56.83358277745457,75.762354922006,,
48845,,,21.631734397881228,46.00551774684167
48852,,,25.53539881919467,52.37738389385413
48884,58.08207853034051,74.67752247939949,,
48916,58.06235215356486,74.69336830567919,,
49004,,,,
49028,,,25.268506984272534,52.67965290314481
49172,,,26.5152968945443,51.32269621949532
49352,,,26.43615976733112,51.3227267886606
49396,,,25.082140219704744,52.73920541128519
49444,56.45352479746478,76.1088810541322,,
49504,,,,
49564,57.88005492369557,77.45435136268577,,
49588,55.569368619576856,78.50392822474524,,
49612,,,23.91589003061832,52.99777133938297
49625,57.31186602900532,79.05083127664275,,
49677,55.21341800681112,79.45934316269721,,
49703,52.41708889258822,76.29769507108723,,
49755,49.286019232177935,72.96624677306568,,
49781,54.0543682784008,75.97766644326836,,
49807,55.297571320438585,76.25337097364421,,
49976,54.66577413784136,76.6559876520885,,
50002,,,,
50171,53.58503460179811,77.97741372789011,,
50208,53.231250144157386,79.66645052638727,,
50424,56.7830264858788,79.78502967789774,,
50472,51.52824477913586,77.87925058253997,,
50508,,,,
50664,54.02819609829486,77.44957782854009,,
50675,55.41851813141518,77.63956373167069,,
50741,53.29713749050221,78.3684288413286,,
50752,53.59743863739131,78.50636085209752,,
50807,54.22712432446016,78.90058794617372,,
50828,54.46829152265389,79.02926736819391,,
50847,53.080106158610434,78.79709132304335,,
50952,54.64932628058595,79.52112484608166,,
51000,,,,
51080,,,23.67870889277154,52.894372550698
51089,52.019314689810855,76.38539645379316,,
51106,47.03776505807182,74.5747774719272,,
51242,48.02971260780236,74.41709816498151,,
51274,47.38010233149173,74.97715824132653,,
51402,,,24.619033537143405,53.08231879826291
51411,45.907932976821975,75.389193271018,,
51465,42.64539414249601,75.38709879486235,,
51474,45.42030664167607,75.2243318950463,,
51503,,,,
51517,,,24.576467449822957,53.09271864184612
51533,,,24.2481006042003,53.26533849274115
51551,,,24.13489684000102,53.21336570377451
51671,42.599589303650504,75.57953839198022,,
51807,37.35982729799354,72.87766054671498,,
51834,35.56950982668168,73.97557758925903,24.26460694260386,53.31053353677853
52006,34.791617012146965,73.71530620458206,,
52030,36.686602995481444,73.02515973194193,,
52136,38.42544400598119,72.04325147270866,,
52150,35.13206181680514,70.79097233013293,,
52163,36.89583126881822,73.67472514697252,,
52193,,,23.609196311165142,52.58377469767546
52200,,,22.137756349464908,51.95511562727139
52248,37.19276331172987,73.50107543537013,,
52264,34.115127060508456,72.68813012127144,,
52376,,,22.17476751720722,51.975592618741636
52448,38.77010889782301,76.48455208324201,,
52502,,,,
52511,39.290016590614904,75.92675479753888,,
52529,40.166698197607985,75.69851883824307,,
52547,,,21.49149528419788,52.11947550380039
52727,,,19.398408894671157,50.94614774883699
52771,,,18.7984780407809,51.57753185717576
52951,37.824339114969696,76.18827235669286,,
52975,,,17.482187112473913,51.79011353602848
53001,,,,
53053,38.45267051760304,77.00849158259271,,
53157,37.88136270702082,77.2902225793388,,
53170,38.66268568959982,76.89964592635877,,
53326,42.31060773898811,80.33436140378421,,
53352,46.67545050688983,83.64637197267808,,
53376,46.97695472667888,83.32642797971847,,
53472,45.54305981312842,81.88322044626372,,
53506,,,,
53561,47.70306350540159,81.11233861479919,,
53581,45.604917807101955,80.60974508184287,,
53651,48.40458614021329,83.84252933663466,,
53751,48.07430907310707,83.86030679982464,,
53904,47.706827154325076,83.15253568294762,,
53940,45.034296092817314,83.49085131905386,,
53994,47.312794198745614,83.52507822999384,,
54003,48.847881630228585,82.09525338397053,,
54066,49.014809814857074,81.8543955288374,,
54187,,,17.41262356751089,51.773143351738476
54205,47.44787481797648,81.81810696816699,,
54286,,,18.99692019437396,53.13869695337579
54356,,,18.04718706631058,53.66387708298214
54378,43.33048407936258,81.91169015626298,,
54388,46.292926594724634,81.20797837851399,,
54458,,,18.57985099033409,52.99152711981005
54502,,,,
54568,44.25864591322163,81.06266140519737,,
54711,,,16.905928493728425,54.385223270160495
54783,42.652987165099695,80.73556192659503,,
54827,45.75265860582025,81.0349175856962,,
54893,42.89788678773002,80.03130573608624,,
55002,,,,
55074,41.056543185161644,79.69700959543256,,
55092,40.96962782232113,79.7089156409245,,
55165,39.41005575981246,78.71583104798277,,
55221,37.15343365231784,79.12103071351298,,
55245,38.15005195141559,78.357649178187,18.341012340811577,53.7975864574236
55302,38.326660141076644,78.41773119538183,,
55390,38.4372386108771,78.32100381017776,,
55475,41.35542980880142,79.13114505984113,,
55503,,,,
55524,,,19.264321208027685,53.91079593369464
55540,46.32239140377045,81.79154980363437,,
55548,45.45762812866029,81.35181561912323,,
55598,,,19.222205097553815,53.95902981988501
55606,,,19.27721925086298,53.87983870429176
55723,,,16.788543328968373,55.93322787601578
55793,46.11101686239373,80.82441266230298,,
55853,,,16.292572752357955,56.46515739665266
55875,51.398102532235356,82.80727650326976,,
55919,53.58293953342538,81.44539866583288,,
55996,53.36870795128576,81.49375888038047,,
56007,,,,
56018,54.4808492453181,81.9058288499311,,
56029,,,15.345976079823012,56.38718527122598
56245,,,15.019353346125717,56.42680170867992
56388,53.01716405874758,82.79935992260339,,
56466,57.29899545516994,84.51337589261271,,
56492,54.39893880780961,82.08121514708314,,
56505,,,,
56577,54.47814381558041,82.03196239429819,,
56589,56.614536912288166,81.40148083484722,,
56673,56.63783550798485,81.44657725560951,,
56740,59.499060689905306,80.87301235730203,,
56839,57.7914499566314,82.11821560130699,,
56909,61.10956426135381,81.63434474936729,,
56939,61.44726736297016,81.42220855987273,,
56967,57.833798426698195,83.20297000324707,,
57003,57.875231122254625,83.16761683168838,,
57020,56.65482239266043,84.16692369254571,,
57028,52.60287179665757,81.73533520222176,,
57116,,,11.900336718633334,56.71589167896331
57188,47.57483081715298,79.23408687352523,,
57431,47.419768038048645,78.84541324982243,,
57503,,,12.610794122708757,57.09091294327745
57553,47.03283482322964,78.7735453639139,,
57643,,,11.743721118933317,56.26490268277363
57720,47.099043788467824,78.71354095211575,,
57761,,,11.69234625245983,56.2433890256666
57783,49.043819663296745,79.5661368429601,,
57834,,,11.853416348617321,56.24062378729076
57856,43.58709187158878,77.53704330726681,,
57866,41.963945424757256,78.53306273318573,,
57966,37.37783271228458,75.84678302930102,,
58006,,,,
58046,40.85102801475237,76.60883239218056,,
58316,38.97530841115658,76.3679480994012,,
58373,40.7669631840082,74.94097737458982,15.731729739229923,64.04675157594701
58427,41.9304644640701,74.92066759456544,,
58492,43.26190310802107,73.68936721555798,,
58500,,,,
58564,,,15.002299533992772,63.2733843480087
58582,42.11610881743749,73.250123979125,,
58645,44.21728317694302,73.52433370227564,,
58672,,,16.165812269480668,63.00346803660791
58682,42.94183253402851,74.48381578333505,,
58745,,,20.4779595197679,69.0689787041644
58765,40.36038631969161,73.67119866195516,,
58855,39.25470604602277,74.0098008389697,,
59000,,,,
59099,,,20.99017899866565,68.69358226274889
59109,,,20.51305417744792,68.92960251363672
59164,40.53035353650368,74.35945046928562,,
59175,40.45446893143497,74.39204512204721,,
59263,38.41044787513121,76.09291780209067,,
59329,40.197595109250685,77.4204154678214,,
59417,42.637474082950796,77.018347787562,,
59450,41.93673044516909,77.54019823096517,,
59505,,,,
59538,42.87526869298163,78.14759486952758,,
59560,46.16833643137332,78.58455643837482,,
59571,,,21.13538003157242,68.64622734269328
59679,45.27730989345204,77.8245118942232,,
59790,,,19.66333407099708,68.94553055751702
60006,,,,
60102,44.07525955820311,75.87811283576478,,
60174,44.40438418030477,75.70725787951514,,
60186,43.510692012628716,73.97197681602431,,
60275,44.032040423422295,74.1492440409346,,
60341,43.17007923024678,74.55986297174904,,
60422,40.96746354718663,74.11941148076434,,
60452,41.715029685422486,73.55477907915486,,
60507,,,,
60525,39.087126276448544,70.28102840618853,,
60533,40.74749504828447,71.5638961157486,,
60541,41.29991391973774,71.3952594218084,,
60629,,,20.83275260541006,69.12616044788261
60701,41.447094436555346,71.49238502189868,,
60935,36.311247684634,67.99177205427415,,
60944,34.36593386968103,67.14654921382987,,
60998,36.396081420581034,66.29152655817335,,
61007,,,,
61015,,,16.94174349565408,67.72913451077028
61078,34.14950718154112,64.9554841115776,,
61135,,,19.27375427499763,68.0225149549295
61162,38.15955278881738,69.86919230171958,,
61195,40.740362120670326,68.14166109689273,,
61224,,,17.413132942946394,67.72592011882325
61280,,,16.203385674109448,67.6708675305017
61289,43.078043322906886,68.29394267179916,,
61298,44.653357436758526,67.21894169341222,,
61378,44.12763017373072,67.64326172908363,,
61450,44.58971231752919,67.17451666170858,,
61506,,,,
61658,43.101532539233155,67.31500686662,,
61708,42.812311641021225,67.62928244360982,12.74584755267366,62.321683709562855
61732,45.993166016530594,71.61813379102749,,
61788,,,14.96450619192212,62.351923733811724
61833,46.54500026017835,71.19218240213841,,
61878,,,15.37923123428016,62.323062735115265
61918,,,16.825340091780525,63.347837859825034
61940,44.368235517390424,70.22211932762342,,
62006,,,,
62028,46.03301215251384,68.67659775617688,,
62050,,,18.333545243412956,62.3302704124559
62062,48.02295837555488,67.42009352900811,,
62249,50.07537855353614,66.5774462852955,,
62500,,,,
62520,,,17.882061599873705,62.660949082317174
62586,47.15425177408091,65.63639993759263,,
62619,48.86565772214613,65.05373956777616,,
62680,47.81086950298108,65.86427216113842,,
62740,49.223745783992925,67.05337279825518,,
62780,48.32950312252797,67.90109651350508,,
62820,50.15418973015796,68.9301629867507,,
62850,46.62287901293894,70.52034793203565,,
62930,46.806560612888426,70.29572794115786,,
62940,46.217645694100646,70.80326734983554,,
62960,,,17.591922079854413,62.5870100985462
63004,,,,
63158,,,17.43031028221245,62.49218062943386
63458,48.879106636661454,71.12358968735155,,
63506,,,,
63530,46.71261064333317,71.42272270721053,,
63542,49.89951588039228,73.09930023726957,,
63587,,,18.37515128326486,62.737862275304266
63647,50.74383327958116,71.89399421563847,,
63719,46.673911759480255,72.42749778785954,,
63764,45.08137318149151,72.33952696599596,,
63819,47.099661802870685,71.54233856547006,,
63841,46.73964680909878,71.23810997397707,,
63922,47.3047038718767,72.06106528966946,,
63931,45.43109095774474,72.1403926039636,,
63949,44.4953924136085,72.27418921355174,,
64003,,,,
64084,45.55207356944098,74.29456845283946,,
64101,45.13057515576948,74.5367447871942,,
64309,42.173326656147836,72.55244523945431,,
64357,42.65229616540019,72.89195765861255,,
64372,,,20.41979128163657,63.38521359765733
64388,42.2501208989718,73.25451247606733,,
64484,,,21.05240503528039,63.791942691821724
64502,,,,
64511,43.64847593287239,73.13756519485506,,
64544,47.095028492573185,75.23073528126245,,
64573,,,20.40020648562233,63.481295819287695
64629,,,20.249562022433384,63.38114129110044
64647,44.208582605837144,74.20838126463276,,
64783,,,19.04883112528245,64.15781653873607
64792,43.81086137150065,74.32052014618537,,
64954,46.26382224166882,77.81878802550992,,
65003,,,,
65027,48.86851700002677,76.99676539933331,,
65077,48.04735052215285,77.55913384870031,17.510431498744293,64.27538165666193
65101,46.701710533247095,77.95682115724398,,
65189,47.31564962935518,77.85023128276019,,
65197,47.106738920182686,77.40193629534521,,
65229,,,18.061500894807978,64.18771688279304
65265,,,18.796890297242207,64.15289275092135
65285,45.8007549921691,77.76089376091511,,
65355,42.83116816677968,78.28462726802309,,
65385,,,21.1880343216646,63.77671239622214
65506,,,,
65572,44.282164623400895,78.83373462114675,,
65763,,,23.80184066240763,64.58051454381012
65862,,,23.130807183443977,64.70406170469785
65922,46.313582642598774,78.37658012725058,,
65934,46.08825644232216,78.5612319696731,,
65970,48.13080933698104,78.67158057657127,,
66004,,,,
66092,51.22426319314283,78.28007214606762,,
66103,50.908288032292624,77.66301536543237,,
66114,52.08612979822909,77.40320111191522,,
66191,51.04358557530795,78.14156197224682,,
66235,52.25539342509699,78.15693404947437,,
66312,51.68709445462679,78.24682477504012,,
66334,52.32449787018006,78.5458797850172,,
66510,,,,
66532,,,23.696037625329044,65.517846918894
66748,51.14943912902032,79.21865463651787,,
66856,55.67810742805246,81.48142793105407,,
66928,56.458874803320505,80.85733333735723,,
66973,,,23.495246547715215,65.7117574037524
67009,,,,
67093,55.68089043562766,80.2367330198033,,
67105,57.88559738526587,79.151949927851,,
67127,54.20052090805024,79.8346354014674,,
67187,55.929923804551365,78.01323522063252,,
67217,56.12898217465729,77.79388087363606,,
67281,57.64758506710641,76.85245163496208,,
67298,58.361267952821215,77.6144623619157,,
67442,61.93173657909967,78.20600195201425,,
67506,,,,
67586,57.56957285852637,78.36262243512137,,
67658,58.9365681537427,77.37707026688432,,
67666,61.717718173124155,75.43711750280256,,
67688,65.16656982266184,76.92393195434181,,
67719,,,24.25188553366199,65.2421310117123
67733,65.05620678779043,76.9235562482951,,
67817,,,26.756441166883743,64.01380176028185
67825,,,26.260590520499683,64.07228453461923
67879,62.32549400715463,78.1111152093396,,
67912,,,27.05326740692748,64.58548909449993
67975,,,28.65145718138112,63.80183215090339
67995,59.26241608916971,77.00015593730592,,
68004,,,,
68148,59.1584347191565,77.08833423650488,,
68274,,,34.082451402828156,67.71797333225445
68314,60.36367662320103,76.80036704531504,,
68396,59.031444374045385,74.71548849654151,,
68429,,,35.03577638553834,66.29217744949253
68456,60.131932005967975,74.12365981734646,,
68483,61.76750710492212,74.10177791319197,,
68501,,,,
68582,61.49940325996562,73.96561652212004,40.403626463025866,69.4821906858957
68592,63.35636336101874,72.7127379840715,,
68672,,,41.00959897139255,69.23095600166323
68694,63.79906474179312,72.83000547025676,,
68782,59.189721679186476,72.83878154112968,,
68870,63.00180532618149,75.4174946292348,,
68991,61.32835004111475,76.81885092171422,,
69002,,,,
69182,,,42.88697976189811,69.37078685552248
69281,,,44.56832682653476,67.6168004909675
69305,62.05752051764823,76.53035657475874,,
69353,58.262560907916196,73.50453564509164,,
69389,55.4911529506529,74.9201773308963,,
69500,56.40127838222033,74.20995405127786,,
69522,56.82642319220424,73.8222492394182,,
69599,51.67824931984141,72.01433511962553,,
69632,52.90771801841751,71.51621363558455,,
69720,54.08731514382482,70.39084177955533,,
69775,56.139908559791074,73.41011294992744,,
69826,54.09300105065413,74.18384473418337,,
69936,,,44.12151332844544,67.58680192544247
69969,58.92216555384293,76.77408986270122,,
70009,,,,
70129,57.269499760207985,76.70930875675752,,
70209,53.57686273267566,78.17115509748345,,
70239,49.28645031851789,76.1278255564556,,
70309,,,46.0840987590469,68.97951847405977
70408,53.84133333039543,77.86639139545888,,
70419,52.49966602490356,77.9314287988681,,
70492,51.515576661350934,78.57549995176647,,
70501,,,,
70519,49.47784425166508,78.49032406065213,,
70624,,,45.697672654027265,69.1001984072459
70651,50.1005414155226,78.03660935282122,,
70740,48.55005052319917,77.79757552858085,,
70772,,,45.20558454432539,69.4051728833854
70907,46.517202130865336,75.29746073535411,,
70988,46.42566269674528,75.34370864537183,,
71006,,,,
71015,44.22510756196178,75.32812209936357,,
71064,43.640446108250906,75.2182974509773,,
71144,46.31626678842775,74.18332254077205,,
71152,,,41.82069426166839,64.15025056835667
71160,,,40.51586393387071,64.3363613788526
71223,48.210383542126074,74.57212791943397,,
71256,,,40.215304973963796,64.41971924888773
71355,49.3407321654605,73.88140917121243,,
71400,,,37.529063101355135,59.522201550230925
71510,50.349792149017595,74.1853475840181,,
71540,46.49402628913711,73.48066099056538,,
71700,42.96791209174509,72.05445722057188,,
71727,48.005812375379755,74.00985141134733,,
71772,46.82648640401385,74.65419636130707,,
71797,49.53101867020945,78.05437427305979,,
71813,,,40.78072416661322,60.882997402528076
71858,44.99286543437163,76.7770669422976,,
71957,44.20537274102564,76.7942171299378,43.80361479934086,61.282094874174255
72007,,,,
72047,,,47.21222332833116,63.72348656987418
72069,44.50841528427671,76.49740783524291,,
72212,45.035714748603056,76.36464560621675,,
72256,49.353215853729054,79.25113398969222,,
72366,48.671300615015205,79.2042451993866,,
72407,45.60049676617491,78.38413887843164,,
72507,,,,
72567,,,48.215253246256765,62.88327315237812
72600,44.03089651083457,79.12125280411117,,
72666,,,46.49931793959593,63.69957248607467
72690,41.30214154662448,79.46668609998765,,
72762,40.64841146211955,79.17648846520574,,
72873,39.743398020508465,79.2159225037209,,
72884,37.79162735154736,79.05906733870367,,
72972,38.912609219214644,78.1433930881121,,
73005,37.74960515327635,76.04444734526952,,
73071,42.616144630768105,78.44280840853281,,
73152,42.28843958993326,78.44723165321419,,
73179,42.06074574308004,78.51328675774177,,
73276,,,47.56591346382411,62.44501155291937
73429,43.92580094300676,77.3964027011713,,
73465,45.60888901998289,77.78299588976658,,
73506,47.12554202337749,78.38152564934519,,
73530,47.4670146154461,78.30663383105878,,
73586,,,46.53430784020238,62.24468086699514
73667,51.18921078514657,78.06297403451646,,
73676,51.452390712540364,78.0940269192637,,
73741,50.75453434067196,77.78782790491898,,
73805,,,46.411222247589755,62.3768365884044
73861,,,50.196092314418784,64.52211845516389
73897,,,51.96662975877189,65.11688584499151
73997,53.36416027725791,77.42566561829989,,
74007,,,,
74037,53.63067824196187,78.01168349046034,,
74164,56.21150405299035,78.97789240930645,,
74209,,,51.29514399973341,65.09880376340037
74249,59.197714096283306,77.04094697025238,,
74279,58.97068845983013,77.28762998011986,,
74334,57.128204600916945,78.10216346083317,,
74370,57.65606498799636,79.09641585502858,,
74424,59.345534098980714,79.08762782653203,,
74441,,,50.50116782555022,65.70030761801941
74504,,,,
74513,,,49.03502819525209,65.46868037594
74583,60.76122924500494,78.2151631005804,,
74663,62.672536621330075,77.94349040631833,,
74703,62.406490356599676,78.15094576941001,,
74853,,,51.71415597044237,66.66461407123984
74996,61.331727376686175,79.0556089399578,,
75007,,,,
75037,59.01036348366528,79.85467181980172,,
75087,59.49571547380998,79.60514684392238,,
75124,,,53.67470493309506,65.39878324951889
75174,58.8065113916609,80.34228692340096,,
75214,58.11223768453929,80.62144283984941,,
75278,59.42624562587473,81.54615553314532,54.83582271591135,65.42035562369063
75358,56.23429371466744,82.62504977594362,,
75438,55.81703113336465,82.8005074769975,,
75508,,,,
75518,54.42890905070002,82.67391645103926,,
75558,54.426599627312974,82.67640154160131,,
75708,57.213982255131704,82.67217393952915,,
75848,,,55.750297253507455,65.66781178002155
75881,52.77607322410564,80.8353123289836,,
75947,,,54.37229571738586,66.32981042816893
75971,53.1388893209293,80.53598458140601,,
76007,,,,
76043,51.31948890684988,77.91637182350024,,
76099,,,53.38040141785357,66.15303403472976
76159,54.3213861153496,77.05727687671752,,
76171,52.7423701233638,78.47389785412173,,
76267,53.523556865326825,77.90702246968188,,
76315,56.86530056037358,80.73226996593928,,
76371,52.27581238656654,78.55150149288879,,
76452,50.592712680747496,79.74447307812991,,
76506,,,,
76605,52.528118824878476,79.45839225020806,,
76731,55.82553483157768,79.3275850051665,,
76767,55.14170639715507,80.25462307210705,,
76808,56.129465993916384,80.60956023474475,,
76832,55.39790339305415,81.15165226663706,,
76888,,,51.85368608185861,66.46042311013443
76915,56.82708482821123,80.72699462334717,,
76969,58.31351709906361,80.39047075055612,,
76978,58.37822169389925,80.46421530053,,
77003,,,,
77043,55.741546096842505,77.90232633007005,,
77079,,,52.68152300638918,66.49977570474292
77119,,,53.54871371739384,66.85476956726028
77182,,,54.64018805811953,65.56189754790825
77352,54.206842354539546,79.07824929977222,,
77371,58.237983569388746,81.9949120455044,,
77497,57.50707846442005,82.29040194367352,,
77506,,,,
77533,,,55.91522070764404,64.61199961246437
77573,56.96845288534882,82.06779904450399,,
77603,55.80071326072561,81.64668336494174,,
77658,58.15954269570531,82.81251435667883,,
77694,56.86525165283354,82.0684226757966,,
77748,57.59177017630776,82.31633976654331,,
77765,,,54.61540789282721,65.93456709473088
77837,,,53.66518431118529,66.56738115641295
77907,53.47464010372525,80.30527121908987,,
77987,54.57109496382763,79.86445989046368,,
78007,,,,
78167,,,51.56184771829125,67.67944067275198
78189,52.417889487007635,79.88588676921472,,
78332,49.56021655067918,75.90107007028263,,
78362,47.76550170036615,74.58206646825784,,
78412,48.3945828660822,74.99764940082427,,
78449,,,48.79325963940108,68.16108199455533
78499,50.32426116664545,74.18131181024154,,
78509,,,,
78539,49.795114123640815,74.78976237306985,,
78567,44.144870718559105,72.45604741932291,,
78612,42.00883888997123,72.34250416301315,51.03780609913389,68.19357674436702
78782,41.03003179450505,72.59932657210719,,
78852,39.368968752669026,72.21678968053568,,
78952,43.58851023432784,75.58770334037514,,
79002,,,,
79022,44.15905164353535,75.1275827189444,,
79052,45.50883315753177,74.47249497615468,,
79169,,,47.82309304859707,68.12335746109295
79259,,,50.85311719548176,67.3009683077109
79281,47.113815229502364,74.99243818518082,,
79347,47.95786639227168,74.19983019248936,,
79378,,,54.69909453544984,69.85399964350628
79422,48.735190038258295,73.988211929387,,
79477,46.74961074301144,72.02218190734906,,
79510,,,,
79664,48.813925226250284,72.44057298619987,,
79734,48.822602493696465,72.4381010538885,,
79824,51.71537909405641,71.93544176145272,,
79881,50.628775942962235,71.22131099113592,,
79905,,,53.25132253061733,70.54997190751456
80004,,,,
80013,51.8313936772231,70.48672445709425,,
80094,52.413182013559705,70.13824009149425,,
80121,50.130193558804315,69.73118274199366,,
80184,,,52.48297393498695,71.25993630360301
80194,47.83738394870292,69.75129133558899,,
80244,50.70411633119787,68.36841199446202,,
80281,50.212666928850666,68.70415328148589,,
80290,45.60512307752724,65.77819338219514,,
80427,,,50.51221163930531,71.60877017527392
80490,,,49.40790918933388,72.24190456272066
80500,,,,
80600,,,44.824351752541695,68.80676088505209
80666,46.287508988444316,65.24477358842279,,
80687,46.528423941497316,64.92225827077955,,
80827,46.49647043359335,64.90214067272679,,
80907,43.005030165667264,64.82538402983388,,
80937,43.33675688970703,64.28758682729432,,
80992,41.22313867200035,63.82195611899701,,
81001,,,,
81010,42.441020789600294,63.17283872633932,,
81064,,,46.23021871472869,67.73177954816862
81104,43.102025373582585,63.60606522261362,,
81113,,,43.632130776971316,63.68380318045444
81273,43.66559744604616,64.02289328619088,,
81343,42.86287649557766,62.906105479606765,,
81353,45.735721575625504,67.13030895008107,,
81444,47.78589674700823,65.927213884271,,
81507,,,43.43202039678042,63.751118482760624
81527,45.0138164424368,61.598423883057045,,
81617,49.251958294662906,65.93270079049621,,
81647,49.65545521495005,66.16709455111227,,
81765,,,43.437305749267544,63.75532515697648
81815,48.621385153560695,66.4521530158482,,
81835,48.28406242889425,65.94408398938529,,
81881,46.492354091173766,66.47530808036997,,
81926,45.46564333963747,65.98245340790571,43.31220176348856,63.818466532584615
82006,,,,
82146,45.99407094236071,65.65974353135435,,
82176,,,45.674668856644274,65.72536407456491
82275,46.93339734898487,66.03430541354018,,
82341,48.41276164332012,65.76898126504241,,
82374,48.976643688019394,66.22664956059938,,
82464,50.20816027111098,66.97164095691262,,
82501,,,42.01409780632646,65.31949787236167
82521,51.94832314067069,69.66250093898404,,
82611,49.88510279894356,70.7338289618198,,
82671,50.832505233199484,69.71537125663605,,
82699,,,41.93022798780294,65.35723594060163
82739,54.03175591158826,68.02782288704871,,
82789,53.360295743757455,68.78323308967039,,
83009,52.686820367864854,69.48294522823585,,
83028,51.64588055956323,70.41809662350599,,
83100,51.75298283274431,70.65645854558808,,
83127,54.3897096010219,71.0364853251187,,
83175,53.023653296634144,71.90770470158995,,
83199,,,42.92870470711438,64.9397837611442
83289,,,41.698335795155145,65.13863958403628
83309,51.56680826251075,71.46203279916568,,
83339,51.376062586610495,71.61575318730954,,
83499,,,41.32066883092222,65.43693555560732
83510,53.25782005750138,72.71963696034453,,
83565,55.26520450434211,73.13429457982434,,
83586,59.570346124605564,74.92301253299485,,
83616,57.49798698500061,74.82098348752719,,
83824,,,41.2909471406549,65.44922152976656
83914,58.2454501568203,74.71315277968036,,
83942,60.20532622086844,77.28719868046636,40.08576420464961,65.19308269250094
84002,57.83672722659103,78.72003424544101,,
84021,56.052607612135176,80.14698368210392,,
84111,54.81437927763938,81.09672924879932,,
84138,56.43789642212941,80.92895516546683,,
84165,58.06053454799607,80.41340016516648,,
84286,55.73629262317001,81.20090028148812,,
84350,,,38.705109798870836,63.65588911327931
84359,56.08428665731131,80.96115350858376,,
84391,,,35.55713982893372,63.154514683064725
84508,,,,
84544,,,36.2014666321523,64.72372677501926
84584,60.06456179482891,81.7855151959075,,
84594,63.70623549894459,83.5891118491414,,
84667,68.39815156667522,84.51289074196289,,
84694,,,36.21511699715149,64.72033006110877
84714,70.2529817763812,84.43051130654598,,
84778,74.4880858102956,83.43709045042266,,
84922,,,37.779322085580645,64.14882801868801
85002,78.43343988772278,84.64471385598114,,
85082,78.226620647003,84.75475271694654,,
85142,75.09294606223615,86.73409101306258,,
85162,,,37.929600280448646,64.0677504479899
85371,77.23246196124616,88.73369596017444,,
85404,74.59486569501286,89.63166408583858,,
85448,71.69886942524289,87.46739687883844,,
85470,,,37.042269414836625,64.43100440860616
85506,,,,
85566,74.6522771184874,89.45832966308284,,
85578,73.68928479979105,89.69030755306947,,
85600,71.34123351918825,87.38080958505853,,
85622,69.20195023344422,88.01125017060772,,
85633,,,40.8512931459547,66.34013233080957
85705,71.26739063201065,87.69170986879833,,
86003,,,,
86036,71.64675539161603,88.02743609893967,,
86107,72.06840211515839,87.65133341197433,,
86127,70.38523512045445,88.81883308041611,,
86307,71.99844750019314,88.59846425289692,,
86335,70.4897083047271,88.81546715728427,,
86380,69.22487803062948,89.22240480720637,,
86389,67.48933817747806,89.13263789209189,,
86453,64.01832891763945,90.3648300299203,,
86469,,,37.68531815236071,63.388584404736235
86487,63.30068932876573,89.41781909054643,,
86505,64.4004012118245,88.5215354944343,,
86569,,,34.202875454031016,63.71112293725161
86839,,,33.571193124890414,63.840697385565385
86899,62.738719184218205,88.69081959701806,,
86918,66.39379479213268,88.14358063620557,,
87008,,,,
87071,71.3471661581716,89.22292422185019,,
87096,,,35.75221572992028,63.88737972662014
87123,72.22252189207472,88.36922043208531,,
87163,68.23878859594114,86.47641384993979,35.65954015633659,63.9084779986351
87235,67.55396731093177,86.12580587126227,,
87253,68.37883759623044,85.4201987339692,,
87278,70.27946106799529,85.77524455493963,33.13367214758342,61.92930113124568
87341,69.61973677937523,86.52107839238575,,
87503,,,,
87611,66.14851698022918,87.03981684116364,,
87683,,,32.24869261883592,61.86840887571142
87693,63.124178737949116,87.75731100802358,,
87855,,,32.712728326454965,62.34374589085848
87865,58.80401177708758,86.42612781332666,,
87905,,,31.401227461476083,61.68717330335344
87949,57.35317292776657,87.8238983264838,,
87960,56.94855512977112,87.8307814853,,
88001,,,,
88031,56.870247778748166,87.69768352995763,,
88041,56.77036709286738,87.81911994952259,,
88071,,,31.61584153996242,61.5574830543653
88093,57.555921196555715,86.99540432121209,,
88464,55.57851556400769,87.40720990022662,,
88504,58.23352524931543,89.85321080668024,,
88532,58.66319121754728,89.48764218632166,,
88550,,,30.617352554289827,61.80344843850767
88730,59.156328457361084,89.27892393919429,,
88740,58.12760192064568,88.2349256658718,,
88780,57.00754700258607,86.84914908759772,,
88820,53.25099602546776,84.62086729326059,,
88840,,,34.20774244497923,65.11033099173713
88906,56.15090941761853,84.96628382735801,,
88927,55.678517215058676,84.53046920517389,,
88957,54.40295936234994,83.44257412186384,,
88967,,,31.988257154146414,65.53373807679743
89000,,,,
89363,52.27450015906594,81.00228908761338,,
89414,,,29.71697971336005,65.03081128135099
89436,51.3585526016762,81.52775350983025,,
89458,54.2663545176608,80.2349878993257,,
89502,,,,
89656,51.619080259077016,77.12190025891569,,
89667,51.81089175963192,76.9543147034351,,
89708,50.103888137651374,77.54452757832154,,
89748,45.621964707429285,74.79464716158257,,
89758,45.04361338368035,75.03607981864799,,
89830,,,31.86254309066266,65.87671478282087
89840,42.75452556554578,75.04310877730362,,
89870,41.23985978611163,74.48623016023386,,
90005,,,,
90212,,,31.955657160064874,65.88955137209685
90242,38.84355883105076,72.5717375519846,,
90272,41.32780618599034,73.45866082789499,,
90291,44.812565097942716,74.02543548988294,,
90453,46.17703638530802,75.63048459286368,,
90469,,,32.80247140847772,65.18074510730268
90487,45.067591182845646,76.39807098571833,,
90504,,,,
90520,,,31.54869265117377,66.6502329786946
90538,43.96618838592898,77.29322825165161,,
90601,44.27321908019949,77.26596238127784,,
90619,45.9865718859667,76.03256324089348,,
90644,45.27085114788147,75.07752012823717,31.917606339572668,66.32859352103164
90959,49.66399269379559,78.42516302122688,,
90977,48.195022104372036,79.63990306890472,,
91004,,,,
91013,50.80556609107996,80.5772535144322,,
91049,,,32.44266691040873,65.93234659465138
91059,47.11394135887618,80.51056885017698,,
91203,47.1722768320411,80.6310066358815,,
91220,,,30.00055463613986,65.38403549176336
91229,46.2104671374138,81.38692410691907,,
91265,,,32.703164626760845,65.66305931142628
91285,44.977841811346586,82.35403210655711,,
91315,43.2530787293415,82.1920883714198,,
91406,,,31.305176834976738,64.81109598172918
91426,43.55694787947345,82.03214533025965,,
91508,,,,
91724,48.74587328249472,84.50210745216692,,
91733,53.16555114699411,85.937207421691,,
91805,54.35230140987551,85.16319674700988,,
91830,57.03684549776139,84.8858125356763,,
91846,,,30.62188272967047,63.24876286125732
91999,58.38377480280818,83.50735139714826,31.05779272508851,63.000794673336486
92009,,,,
92019,58.29404966616305,83.52351043007243,,
92059,54.006854831755625,81.40270874397113,,
92079,54.41711073355051,80.91576406453106,,
92119,,,33.980478002988235,63.402620780942435
92218,54.16060163591756,81.20737324864258,,
92240,,,34.94054291095628,63.08573897764572
92444,58.5600022027432,83.1244332498089,,
92504,,,,
92648,59.54551882231375,82.58390824155545,,
92660,54.739731886906085,80.95906876742745,,
92682,59.068444306363816,83.2893636091124,,
92748,,,35.56637432761534,62.70271857356338
92772,61.25962906117318,84.02335280516985,,
92928,63.05499047899386,86.25284490290406,,
92995,61.93552055349108,86.67046072367057,,
93006,,,,
93017,59.12986304895021,86.45574452674164,,
93088,56.12296625222079,86.82042772902074,,
93106,54.37472301180475,86.90441365704854,,
93196,52.92970286079799,86.82759626435511,,
93205,52.685305217321726,87.04299507068671,,
93333,55.24819791291258,89.92936175821806,,
93357,54.23260191854439,89.9389239944865,,
93477,,,34.356007307991824,64.22537916711462
93504,54.57496144653647,89.72305024497358,,
93553,54.39514531215071,89.87805137402731,,
93577,56.00205908317934,89.295510661658,,
93676,,,33.38518645759716,64.67228924090617
93708,55.73904925298295,89.48042263323015,,
93716,56.925093707352644,88.94545716319405,,
93738,,,33.657071099160675,64.90574526305598
93786,,,33.105059430292314,65.16111898765087
93894,58.02313173835631,88.44155092605067,31.973174264003028,64.57706557116069
94004,,,,
94014,,,36.232514581252325,69.6806125681903
94058,56.11711887103971,89.94911118463764,,
94089,55.80487735351082,90.03546325928474,,
94198,57.383797548315485,91.96380692721185,,
94216,54.15296098820399,91.76532549995055,,
94261,,,35.07835278614934,68.15111964602194
94311,51.96932992187678,90.32687406307106,,
94351,,,35.70798129081304,67.59398811788952
94483,53.2213716538751,89.54728435208011,,
94505,,,,
94549,56.128218324234474,88.65083201107446,,
94579,56.72846029747627,88.67459699469435,,
94629,,,40.40341751809741,73.56836021910435
94640,60.3347266902437,91.25650697555264,,
94772,52.74063907705713,89.0914534710059,,
94893,55.344575323150494,87.85254239354056,,
94943,,,40.27618731422393,73.57418301711752
95009,,,,
95086,53.99058397947345,87.00058339904275,,
95108,57.304985257121736,86.4401457822184,,
95119,51.469609328689984,85.44379588134792,,
95150,52.08618462280836,84.88353753179787,,
95360,52.802824399149976,84.17149805897736,,
95420,,,41.50737051107033,73.42225418946656
95453,52.32836509929504,84.48491793313276,,
95497,52.391367641282265,84.54349336555914,,
95508,,,,
95519,54.02131471549627,84.95558614113462,,
95651,51.355824172063734,81.88219816046472,,
95662,,,43.90415403857871,73.3476197207308
95794,50.11394560614135,80.23773915724259,,
95842,50.36647432257887,80.18643498405191,,
96010,50.271774004418404,80.11396399478281,,
96033,49.956176264379174,80.3216457902754,,
96054,,,44.93469502210661,73.27529405881926
96076,47.541327262502165,82.34257492942031,,
96208,51.95700116919354,85.00268025472188,,
96307,54.04337697396055,84.19617277339623,,
96368,55.13338709661737,83.2638669044235,,
96398,50.63529103579,81.25082667646775,,
96434,49.71460699584801,81.64583357547531,,
96452,52.136501778704115,80.87889543057531,,
96501,,,,
96541,47.75549861301202,78.13137883777335,,
96619,46.22877624165267,76.99353555231187,,
96650,41.04837764890865,74.28008969086574,,
96740,,,44.573088937886496,73.42000268859847
96754,41.31041986583732,74.05754469196552,43.60418290854897,73.31043070533707
96778,40.966781465373934,73.719872371768,,
96863,41.52953854335472,73.48925315555533,,
96933,,,43.120680171488786,73.88146595280799
96965,42.522726777922365,72.87514396301417,,
96997,,,38.85017418952193,70.33039237845294
97006,,,,
97033,43.61901784574613,72.75027112062185,,
97058,,,41.318534922322726,71.79169152022018
97157,,,39.638673276642805,72.48829124684562
97267,,,42.36491219517077,73.76250930377022
97311,44.448804667536166,72.73721323133002,,
97452,47.351512593838855,72.6072026901891,,
97472,43.01449543039082,68.67262919789616,,
97482,42.973157220731956,68.68197312412715,,
97502,,,,
97522,,,43.70308001590194,73.38821637363044
97643,42.5349564491841,68.98365885772378,,
97734,43.285386032674,68.42038719025636,,
97794,41.19586275028763,69.37825321498089,,
97812,41.99611628726823,68.97174011102929,,
97866,,,41.43253773393342,71.26565657512155
97876,40.16900194355054,70.04987853812737,,
97956,37.976426712718094,71.5875212070166,,
97984,42.619069876294816,72.53069404586435,,
98002,,,,
98083,41.44523188344785,73.30518808913772,,
98137,,,40.47342505077133,71.85992782896962
98177,41.49893492467352,73.42748530524311,,
98277,44.86145424314425,74.40661298769794,,
98297,46.018210260568885,75.05557268949005,,
98337,45.29010919972207,75.40360786233529,,
98467,,,41.287320472768045,70.9763135381223
98500,,,,
98555,42.866136966877384,75.55804381007655,,
98621,,,41.53022379616508,70.87246163908937
98657,42.841311597292076,75.54770318192011,,
98705,39.698978033483726,71.56312028352394,,
98837,,,40.36820752066793,70.53464605421775
98863,42.038963359154295,71.51359634912119,,
99006,44.70617081743432,71.77733482196685,,
99071,43.01233356359182,71.99311906289448,,
99136,43.66992738994304,72.43864642748598,,
99256,44.51882446055766,73.61241380805242,,
99279,45.23644222826697,72.59384962406607,,
99320,47.11055022302084,72.34782948499316,,
99440,48.33319824998267,71.82577534935969,,
99500,,,,
99530,50.09769124542363,71.33016479153143,,
99576,50.609111872185025,72.0076631920496,,
99603,48.37406503943261,71.69616056782023,,
99644,48.15865563867148,71.61022878066915,,
99668,49.696810950725336,74.07140368895806,,
99732,49.65567415498663,74.07720552363945,,
99756,46.68415893137921,74.60362968448644,,
99834,46.08097307056654,75.18372115147646,,
99865,49.7565326561284,73.41683098911955,,
99895,,,39.015254430726635,71.57567593780786
99972,,,39.772319374673536,71.57656081788049
99988,,,40.95059516052948,71.64108105906885
