split,id,mode,n_old,n_new,n_paired,old_mu,new_mu,paired_delta,delta
train,POMDP,scalars_macrophages,5,5,5,-24.388946736498646,-51.17394605593656,-26.784999319437908,-26.784999319437915
train,S3m,spatial_scalars_cells_m1m2,5,5,5,58.56991534346925,-52.8515247642567,-111.42144010772594,-111.42144010772594
train,S3s,spatial_scalars_cells_substrates,5,5,5,38.99891799228849,-52.547612542452576,-91.54653053474105,-91.54653053474107
train,S3sm,spatial_scalars_cells_substrates_m1m2,5,5,5,43.85091180512719,-52.63999805411802,-96.49090985924519,-96.4909098592452
train,S5m,spatial_scalars_cells_spatial_no_scalars_substrates_m1m2,5,5,5,58.765948470975026,-51.91891271047989,-110.68486118145492,-110.68486118145492
train,I1,img_mc_cells,5,5,5,33.638844825671924,-51.438543149308636,-85.07738797498055,-85.07738797498055
train,I1m,img_mc_cells_m1m2,5,5,5,40.46088327238415,-50.906746679165515,-91.36762995154966,-91.36762995154967
train,I2,img_mc_cells_substrates,5,5,5,61.93823616924916,-51.21363118931977,-113.15186735856892,-113.15186735856892
train,I2m,img_mc_cells_substrates_m1m2,5,5,5,52.8433680140844,-50.77704353287844,-103.62041154696283,-103.62041154696283
test,POMDP,scalars_macrophages,5,5,5,-20.88218678165499,-60.372290074647786,-39.49010329299279,-39.4901032929928
test,S3m,spatial_scalars_cells_m1m2,5,5,5,34.004915762705004,-62.00369687929596,-96.00861264200095,-96.00861264200097
test,S3s,spatial_scalars_cells_substrates,5,5,5,38.167715840643694,-61.795312860158575,-99.96302870080228,-99.96302870080227
test,S3sm,spatial_scalars_cells_substrates_m1m2,5,5,5,26.95453399334027,-62.33601224292814,-89.29054623626841,-89.29054623626841
test,S5m,spatial_scalars_cells_spatial_no_scalars_substrates_m1m2,5,5,5,43.215063364897084,-61.88241030706151,-105.0974736719586,-105.0974736719586
test,I1,img_mc_cells,5,5,5,20.31189276715556,-60.198759270467995,-80.51065203762354,-80.51065203762356
test,I1m,img_mc_cells_m1m2,5,5,5,18.002350620868242,-59.57864384853447,-77.58099446940273,-77.58099446940271
test,I2,img_mc_cells_substrates,5,5,5,37.73646715693991,-60.073225867692564,-97.80969302463247,-97.80969302463248
test,I2m,img_mc_cells_substrates_m1m2,5,5,5,23.956824354855836,-59.34157641653307,-83.29840077138891,-83.29840077138891
