mode,algo,seed,run_id,rows,name
img_mc_cells_substrates,SAC,123,2le6g2mh,1686,best_hyperparameters_SAC_img_mc_cells_substrates_w_cell=0.3_w_dose=2.0_w_smooth=0.0_seed123_123_img_mc_cells_substrates_targeted_1782402238
img_mc_cells,SAC,123,j0eh34z8,1681,best_hyperparameters_SAC_img_mc_cells_w_cell=0.3_w_dose=2.0_w_smooth=0.0_seed123_123_img_mc_cells_targeted_1782448292
scalars_macrophages,SAC,123,bkruooc7,1762,best_hyperparameters_SAC_scalars_macrophages_w_cell=0.3_w_dose=2.0_w_smooth=0.0_seed123_123_scalars_macrophages_targeted_1782491660
img_mc_cells_m1m2,SAC,123,fuamo8p2,1645,best_hyperparameters_SAC_img_mc_cells_m1m2_w_cell=0.3_w_dose=2.0_w_smooth=0.0_seed123_123_img_mc_cells_m1m2_targeted_1782731692
img_mc_cells_substrates_m1m2,SAC,123,zbu93iv4,1712,best_hyperparameters_SAC_img_mc_cells_substrates_m1m2_w_cell=0.3_w_dose=2.0_w_smooth=0.0_seed123_123_img_mc_cells_substrates_m1m2_targeted_1782775674
img_mc_cells_m1m2,RANDOM,123,awei2uy4,1191,best_hyperparameters_RANDOM_baseline_w_cell=0.3_w_dose=2.0_w_smooth=0.0_seed123_123_img_mc_cells_m1m2_targeted_1782824128
img_mc_cells_substrates,SAC,1,ut9nzyzd,1696,best_hyperparameters_SAC_img_mc_cells_substrates_w_cell=0.3_w_dose=2.0_w_smooth=0.0_seed1_1_img_mc_cells_substrates_targeted_1782991793
img_mc_cells,SAC,1,oqv969ti,1713,best_hyperparameters_SAC_img_mc_cells_w_cell=0.3_w_dose=2.0_w_smooth=0.0_seed1_1_img_mc_cells_targeted_1783015546
scalars_macrophages,SAC,1,5fk9ipci,1745,best_hyperparameters_SAC_scalars_macrophages_w_cell=0.3_w_dose=2.0_w_smooth=0.0_seed1_1_scalars_macrophages_targeted_1783033173
img_mc_cells_m1m2,SAC,1,ecz5jncn,1703,best_hyperparameters_SAC_img_mc_cells_m1m2_w_cell=0.3_w_dose=2.0_w_smooth=0.0_seed1_1_img_mc_cells_m1m2_targeted_1783052233
img_mc_cells_substrates_m1m2,SAC,1,z1q40w0i,1684,best_hyperparameters_SAC_img_mc_cells_substrates_m1m2_w_cell=0.3_w_dose=2.0_w_smooth=0.0_seed1_1_img_mc_cells_substrates_m1m2_targeted_1783071059
img_mc_cells_substrates,SAC,2,892oqg24,1689,best_hyperparameters_SAC_img_mc_cells_substrates_w_cell=0.3_w_dose=2.0_w_smooth=0.0_seed2_2_img_mc_cells_substrates_targeted_1783094262
img_mc_cells,SAC,2,nw0780f8,1701,best_hyperparameters_SAC_img_mc_cells_w_cell=0.3_w_dose=2.0_w_smooth=0.0_seed2_2_img_mc_cells_targeted_1783124277
scalars_macrophages,SAC,2,nh9gh60y,1741,best_hyperparameters_SAC_scalars_macrophages_w_cell=0.3_w_dose=2.0_w_smooth=0.0_seed2_2_scalars_macrophages_targeted_1783152291
img_mc_cells_m1m2,SAC,2,sh96ih2z,1675,best_hyperparameters_SAC_img_mc_cells_m1m2_w_cell=0.3_w_dose=2.0_w_smooth=0.0_seed2_2_img_mc_cells_m1m2_targeted_1783183375
img_mc_cells_substrates_m1m2,SAC,2,slcsfy7w,1689,best_hyperparameters_SAC_img_mc_cells_substrates_m1m2_w_cell=0.3_w_dose=2.0_w_smooth=0.0_seed2_2_img_mc_cells_substrates_m1m2_targeted_1783211693
img_mc_cells_substrates,SAC,3,e5akbgi4,1684,best_hyperparameters_SAC_img_mc_cells_substrates_w_cell=0.3_w_dose=2.0_w_smooth=0.0_seed3_3_img_mc_cells_substrates_targeted_1783248061
img_mc_cells_substrates,SAC,4,rap30rah,1667,best_hyperparameters_SAC_img_mc_cells_substrates_w_cell=0.3_w_dose=2.0_w_smooth=0.0_seed4_4_img_mc_cells_substrates_targeted_1783279262
img_mc_cells,SAC,4,dodkht78,1699,best_hyperparameters_SAC_img_mc_cells_w_cell=0.3_w_dose=2.0_w_smooth=0.0_seed4_4_img_mc_cells_targeted_1783299937
scalars_macrophages,SAC,4,6mmp10hh,1707,best_hyperparameters_SAC_scalars_macrophages_w_cell=0.3_w_dose=2.0_w_smooth=0.0_seed4_4_scalars_macrophages_targeted_1783317511
img_mc_cells_m1m2,SAC,4,nl3376a3,1669,best_hyperparameters_SAC_img_mc_cells_m1m2_w_cell=0.3_w_dose=2.0_w_smooth=0.0_seed4_4_img_mc_cells_m1m2_targeted_1783336504
img_mc_cells_substrates_m1m2,SAC,4,upcqe8vl,1705,best_hyperparameters_SAC_img_mc_cells_substrates_m1m2_w_cell=0.3_w_dose=2.0_w_smooth=0.0_seed4_4_img_mc_cells_substrates_m1m2_targeted_1783354868
img_mc_cells_substrates,SAC,5,9klwl88v,1724,best_hyperparameters_SAC_img_mc_cells_substrates_w_cell=0.3_w_dose=2.0_w_smooth=0.0_seed5_5_img_mc_cells_substrates_targeted_1783376729
img_mc_cells,SAC,5,sg5fwuvv,1673,best_hyperparameters_SAC_img_mc_cells_w_cell=0.3_w_dose=2.0_w_smooth=0.0_seed5_5_img_mc_cells_targeted_1783400154
scalars_macrophages,SAC,5,hi4vvy1h,1779,best_hyperparameters_SAC_scalars_macrophages_w_cell=0.3_w_dose=2.0_w_smooth=0.0_seed5_5_scalars_macrophages_targeted_1783417672
img_mc_cells_m1m2,SAC,5,cupyzcse,1692,best_hyperparameters_SAC_img_mc_cells_m1m2_w_cell=0.3_w_dose=2.0_w_smooth=0.0_seed5_5_img_mc_cells_m1m2_targeted_1783436783
img_mc_cells_substrates_m1m2,SAC,5,qo6qg4zd,1598,best_hyperparameters_SAC_img_mc_cells_substrates_m1m2_w_cell=0.3_w_dose=2.0_w_smooth=0.0_seed5_5_img_mc_cells_substrates_m1m2_targeted_1783455417
img_mc_cells_substrates,RANDOM,1,xlabv8b0,5,best_hyperparameters_RANDOM_baseline_w_cell=0.3_w_dose=2.0_w_smooth=0.0_seed1_1_img_mc_cells_substrates_targeted_1783477086
img_mc_cells_substrates,RANDOM,2,29tjzgyk,4,best_hyperparameters_RANDOM_baseline_w_cell=0.3_w_dose=2.0_w_smooth=0.0_seed2_2_img_mc_cells_substrates_targeted_1783492489
img_mc_cells_substrates,RANDOM,3,08exp5q2,3,best_hyperparameters_RANDOM_baseline_w_cell=0.3_w_dose=2.0_w_smooth=0.0_seed3_3_img_mc_cells_substrates_targeted_1783507805
img_mc_cells_substrates,RANDOM,5,629a3w49,4,best_hyperparameters_RANDOM_baseline_w_cell=0.3_w_dose=2.0_w_smooth=0.0_seed5_5_img_mc_cells_substrates_targeted_1783538590
spatial_scalars_cells_m1m2,SAC,1,rouk0mgx,1368,best_hyperparameters_SAC_spatial_scalars_cells_m1m2_w_cell=0.3_w_dose=2.0_w_smooth=0.0_seed1_1_spatial_scalars_cells_m1m2_targeted_1783639323
spatial_scalars_cells_m1m2,SAC,1,hyi2mq8r,1782,best_hyperparameters_SAC_spatial_scalars_cells_m1m2_w_cell=0.3_w_dose=2.0_w_smooth=0.0_seed1_1_spatial_scalars_cells_m1m2_targeted_1783696670
spatial_scalars_cells_substrates_m1m2,SAC,1,yidwtqtd,1809,best_hyperparameters_SAC_spatial_scalars_cells_substrates_m1m2_w_cell=0.3_w_dose=2.0_w_smooth=0.0_seed1_1_spatial_scalars_cells_substrates_m1m2_targeted_1783715416
spatial_scalars_cells_substrates,SAC,1,nxdf1wln,1805,best_hyperparameters_SAC_spatial_scalars_cells_substrates_w_cell=0.3_w_dose=2.0_w_smooth=0.0_seed1_1_spatial_scalars_cells_substrates_targeted_1783734211
spatial_scalars_cells_spatial_no_scalars_substrates_m1m2,SAC,1,3ulj9w9s,1755,best_hyperparameters_SAC_spatial_scalars_cells_spatial_no_scalars_substrates_m1m2_w_cell=0.3_w_dose=2.0_w_smooth=0.0_seed1_1_spatial_scalars_cells_spatial_no_scalars_substrates_m1m2_targeted_1783760612
spatial_scalars_cells_m1m2,SAC,2,r6hjf944,1772,best_hyperparameters_SAC_spatial_scalars_cells_m1m2_w_cell=0.3_w_dose=2.0_w_smooth=0.0_seed2_2_spatial_scalars_cells_m1m2_targeted_1783780863
spatial_scalars_cells_substrates_m1m2,SAC,2,j099plba,1849,best_hyperparameters_SAC_spatial_scalars_cells_substrates_m1m2_w_cell=0.3_w_dose=2.0_w_smooth=0.0_seed2_2_spatial_scalars_cells_substrates_m1m2_targeted_1783799880
spatial_scalars_cells_substrates,SAC,2,qym68hrd,1704,best_hyperparameters_SAC_spatial_scalars_cells_substrates_w_cell=0.3_w_dose=2.0_w_smooth=0.0_seed2_2_spatial_scalars_cells_substrates_targeted_1783819655
spatial_scalars_cells_spatial_no_scalars_substrates_m1m2,SAC,2,p65hidl5,1719,best_hyperparameters_SAC_spatial_scalars_cells_spatial_no_scalars_substrates_m1m2_w_cell=0.3_w_dose=2.0_w_smooth=0.0_seed2_2_spatial_scalars_cells_spatial_no_scalars_substrates_m1m2_targeted_1783838788
spatial_scalars_cells_m1m2,SAC,3,ii0wihst,1840,best_hyperparameters_SAC_spatial_scalars_cells_m1m2_w_cell=0.3_w_dose=2.0_w_smooth=0.0_seed3_3_spatial_scalars_cells_m1m2_targeted_1783855356
spatial_scalars_cells_substrates_m1m2,SAC,3,6xf1yndu,1970,best_hyperparameters_SAC_spatial_scalars_cells_substrates_m1m2_w_cell=0.3_w_dose=2.0_w_smooth=0.0_seed3_3_spatial_scalars_cells_substrates_m1m2_targeted_1783870898
spatial_scalars_cells_substrates,SAC,3,s8bhklfp,1847,best_hyperparameters_SAC_spatial_scalars_cells_substrates_w_cell=0.3_w_dose=2.0_w_smooth=0.0_seed3_3_spatial_scalars_cells_substrates_targeted_1783889815
spatial_scalars_cells_spatial_no_scalars_substrates_m1m2,SAC,3,mzwnezdr,1641,best_hyperparameters_SAC_spatial_scalars_cells_spatial_no_scalars_substrates_m1m2_w_cell=0.3_w_dose=2.0_w_smooth=0.0_seed3_3_spatial_scalars_cells_spatial_no_scalars_substrates_m1m2_targeted_1783904686
spatial_scalars_cells_m1m2,SAC,4,grsg8228,1741,best_hyperparameters_SAC_spatial_scalars_cells_m1m2_w_cell=0.3_w_dose=2.0_w_smooth=0.0_seed4_4_spatial_scalars_cells_m1m2_targeted_1783927630
spatial_scalars_cells_substrates_m1m2,SAC,4,7gzmphyt,1834,best_hyperparameters_SAC_spatial_scalars_cells_substrates_m1m2_w_cell=0.3_w_dose=2.0_w_smooth=0.0_seed4_4_spatial_scalars_cells_substrates_m1m2_targeted_1783950513
spatial_scalars_cells_substrates,SAC,4,ubevfg7o,1779,best_hyperparameters_SAC_spatial_scalars_cells_substrates_w_cell=0.3_w_dose=2.0_w_smooth=0.0_seed4_4_spatial_scalars_cells_substrates_targeted_1783973680
spatial_scalars_cells_spatial_no_scalars_substrates_m1m2,SAC,4,fk7qlxlb,1670,best_hyperparameters_SAC_spatial_scalars_cells_spatial_no_scalars_substrates_m1m2_w_cell=0.3_w_dose=2.0_w_smooth=0.0_seed4_4_spatial_scalars_cells_spatial_no_scalars_substrates_m1m2_targeted_1783994008
spatial_scalars_cells_m1m2,SAC,5,rc186fyf,1761,best_hyperparameters_SAC_spatial_scalars_cells_m1m2_w_cell=0.3_w_dose=2.0_w_smooth=0.0_seed5_5_spatial_scalars_cells_m1m2_targeted_1784010545
spatial_scalars_cells_substrates_m1m2,SAC,5,qilikull,1796,best_hyperparameters_SAC_spatial_scalars_cells_substrates_m1m2_w_cell=0.3_w_dose=2.0_w_smooth=0.0_seed5_5_spatial_scalars_cells_substrates_m1m2_targeted_1784028309
spatial_scalars_cells_substrates,SAC,5,o5pl95j4,1800,best_hyperparameters_SAC_spatial_scalars_cells_substrates_w_cell=0.3_w_dose=2.0_w_smooth=0.0_seed5_5_spatial_scalars_cells_substrates_targeted_1784048174
spatial_scalars_cells_spatial_no_scalars_substrates_m1m2,SAC,5,7r1mw5yh,1712,best_hyperparameters_SAC_spatial_scalars_cells_spatial_no_scalars_substrates_m1m2_w_cell=0.3_w_dose=2.0_w_smooth=0.0_seed5_5_spatial_scalars_cells_spatial_no_scalars_substrates_m1m2_targeted_1784067961
spatial_scalars_cells_m1m2,RANDOM,1,mvdu1jm9,1125,best_hyperparameters_RANDOM_baseline_w_cell=0.3_w_dose=2.0_w_smooth=0.0_seed1_1_spatial_scalars_cells_m1m2_targeted_1784089003
spatial_scalars_cells_m1m2,RANDOM,2,qsaq95tc,1144,best_hyperparameters_RANDOM_baseline_w_cell=0.3_w_dose=2.0_w_smooth=0.0_seed2_2_spatial_scalars_cells_m1m2_targeted_1784100893
spatial_scalars_cells_m1m2,RANDOM,3,je24jmli,1087,best_hyperparameters_RANDOM_baseline_w_cell=0.3_w_dose=2.0_w_smooth=0.0_seed3_3_spatial_scalars_cells_m1m2_targeted_1784112946
spatial_scalars_cells_m1m2,RANDOM,4,nqygyk2e,1097,best_hyperparameters_RANDOM_baseline_w_cell=0.3_w_dose=2.0_w_smooth=0.0_seed4_4_spatial_scalars_cells_m1m2_targeted_1784123669
spatial_scalars_cells_m1m2,RANDOM,5,jei3w2gw,1105,best_hyperparameters_RANDOM_baseline_w_cell=0.3_w_dose=2.0_w_smooth=0.0_seed5_5_spatial_scalars_cells_m1m2_targeted_1784135021
img_mc_cells_substrates,SAC,42,gl06h89h,1665,best_hyperparameters_SAC_img_mc_cells_substrates_w_cell=0.3_w_dose=2.0_w_smooth=0.0_seed42_42_img_mc_cells_substrates_targeted_1784165317
img_mc_cells,SAC,42,j25ohrtz,1637,best_hyperparameters_SAC_img_mc_cells_w_cell=0.3_w_dose=2.0_w_smooth=0.0_seed42_42_img_mc_cells_targeted_1784185825
