metric,pair,action,direction,seed,image,scalar,delta
td_residual,P1,targeted,rect2net,1,1.2194965218901632,356.2451060333252,-2.838590453723501
td_residual,P1,targeted,rect2net,2,0.843506858408451,63.724067932128904,-2.162374784941402
td_residual,P1,targeted,rect2net,3,1.2163646669387818,529.6637645568848,-3.0381878847841652
td_residual,P1,targeted,rect2net,4,1.2207807885408402,525.7102188110351,-3.0326297507373563
td_residual,P1,targeted,rect2net,5,1.2188873880505562,373.26932368469244,-2.862180870435825
q_mae,P1,targeted,rect2net,1,14.358139474994264,49.333008358051565,-1.234276405534135
q_mae,P1,targeted,rect2net,2,13.269462606918722,37.81102245888826,-1.0471353088771704
q_mae,P1,targeted,rect2net,3,13.961129880982195,62.02888625071887,-1.4913231527215487
q_mae,P1,targeted,rect2net,4,15.870661344779265,41.77462805129081,-0.9678169645132777
q_mae,P1,targeted,rect2net,5,15.341712598226106,29.76315059571609,-0.6626956387970226
td_residual,P2,targeted,rect2net,1,0.9108171067833901,24.48193904685974,-1.6456744133777095
td_residual,P2,targeted,rect2net,2,0.9141714824438095,34.96031945800782,-1.8219753980665054
td_residual,P2,targeted,rect2net,4,1.1525546904206276,431.7206958618164,-2.9628989466508986
td_residual,P2,targeted,rect2net,5,1.1726559599637985,124.51862820434569,-2.3325920507281905
q_mae,P2,targeted,rect2net,1,9.724749149583378,13.40035751488339,-0.3206072920316174
q_mae,P2,targeted,rect2net,2,13.354301100293872,15.984651168141351,-0.17979044706919334
q_mae,P2,targeted,rect2net,4,10.405689536954734,82.30942999817303,-2.068132954479243
q_mae,P2,targeted,rect2net,5,15.077503418067693,26.635253215116894,-0.5690318541371719
td_residual,P3,targeted,rect2net,1,0.8559370759129525,332.93028430175787,-2.9817457633004887
td_residual,P3,targeted,rect2net,2,1.2840037568211555,1010.1299994812013,-3.3339255913867714
td_residual,P3,targeted,rect2net,4,1.19464236497879,1978.6785326538088,-3.706168814349617
td_residual,P3,targeted,rect2net,5,0.9263048562407492,47.33350371170043,-1.9668851242917738
q_mae,P3,targeted,rect2net,1,13.557755535208889,31.298528890912557,-0.8366123483413834
q_mae,P3,targeted,rect2net,2,16.93687354170678,47.3815124864907,-1.0287390091998105
q_mae,P3,targeted,rect2net,4,22.338703162930557,86.91282097702222,-1.3585848165707275
q_mae,P3,targeted,rect2net,5,11.347862391571285,15.570631922872854,-0.3163571803029779
td_residual,P1,full,rect2net,1,9.51172416484356,77.64304759979248,-1.049798425085945
td_residual,P1,full,rect2net,2,2.216680032134056,142.55696560668943,-2.081865541477153
td_residual,P1,full,rect2net,3,2.4566059930324555,74.24792698669434,-1.7043145691191224
td_residual,P1,full,rect2net,4,2.7562498738765715,57.73999419784546,-1.521039529646612
q_mae,P1,full,rect2net,1,47.440948151997006,49.509428959555024,-0.04267739463595621
q_mae,P1,full,rect2net,2,45.296353840047516,51.54483991092043,-0.1292255666641382
q_mae,P1,full,rect2net,3,35.376531598275506,44.552570915930396,-0.23062120971189115
q_mae,P1,full,rect2net,4,38.34245073751386,59.439306900137254,-0.4383980831049743
td_residual,P2,full,rect2net,1,5.926922324061393,80.90417095947264,-1.306880151216149
td_residual,P2,full,rect2net,2,2.6553197786808016,88.16434210205077,-1.7513187526608898
td_residual,P2,full,rect2net,3,6.518315021276474,100.29882124328614,-1.3667690161845034
td_residual,P2,full,rect2net,4,3.4767408044338226,86.94926462554932,-1.6096147394125473
td_residual,P2,full,rect2net,5,4.145606829404832,117.62026372528078,-1.672706076499594
q_mae,P2,full,rect2net,1,44.11553998726939,45.927375503827896,-0.04024925444142058
q_mae,P2,full,rect2net,2,39.18221829500737,53.64839160150702,-0.31422846019990347
q_mae,P2,full,rect2net,3,57.30281960137563,49.35097014443865,0.14939240607805448
q_mae,P2,full,rect2net,4,58.4318272305717,27.228681206521383,0.7635898543319484
q_mae,P2,full,rect2net,5,51.778235807984956,43.55975723060317,0.1728361779965102
td_residual,P3,full,rect2net,1,1.784570368528366,68.02162320709229,-1.820323973303529
td_residual,P3,full,rect2net,2,1.874752458810806,75.35159419250488,-1.8468442266380893
td_residual,P3,full,rect2net,3,3.7471684563159946,94.08881681060792,-1.6116193597035078
td_residual,P3,full,rect2net,4,5.250143171906472,165.9105673828125,-1.7265967727006348
td_residual,P3,full,rect2net,5,6.866778905034065,102.10607201385497,-1.349658531128791
q_mae,P3,full,rect2net,1,29.603122326336283,61.50114806948009,-0.7311760026698386
q_mae,P3,full,rect2net,2,33.55094133406565,59.06327702832258,-0.5655444405311689
q_mae,P3,full,rect2net,3,48.871077844959295,51.93831700946002,-0.060871036730385075
q_mae,P3,full,rect2net,4,51.269611470389535,52.54318732192841,-0.024537239431902336
q_mae,P3,full,rect2net,5,46.596823290615234,38.91111260159909,0.18025248825817508
td_residual,P1,targeted,net2rect,1,2.7334372363090518,52.70257842254639,-1.479552251305539
td_residual,P1,targeted,net2rect,2,1.3025398195385935,26.333524126052858,-1.5032633716325041
td_residual,P1,targeted,net2rect,3,3.041669299244881,636.5784108581543,-2.671850562384846
td_residual,P1,targeted,net2rect,4,5.598629876971246,82.19637693214415,-1.3432946609301206
td_residual,P1,targeted,net2rect,5,1.5775974581241607,61.30293791389465,-1.8299623374877978
q_mae,P1,targeted,net2rect,1,16.967880695054642,21.010228488317342,-0.21368720395061214
q_mae,P1,targeted,net2rect,2,15.511027361105985,26.068490755960568,-0.5191761206631247
q_mae,P1,targeted,net2rect,3,16.191884899273198,79.97402546952465,-1.597191715736161
q_mae,P1,targeted,net2rect,4,18.249018939982506,40.27451000453097,-0.7916074408749596
q_mae,P1,targeted,net2rect,5,15.254413421459304,26.824056174764195,-0.5644302374898058
td_residual,P2,targeted,net2rect,1,5.567368883609772,31.839787324905398,-0.871897055952342
td_residual,P2,targeted,net2rect,2,2.8928814597129824,52.54384434509278,-1.449697450582167
td_residual,P2,targeted,net2rect,3,7.232365460634232,22.23160503387451,-0.5614743854919567
td_residual,P2,targeted,net2rect,4,3.3791584217548376,27.664129940032957,-1.051254967582236
td_residual,P2,targeted,net2rect,5,2.8690319410562517,35.1844257774353,-1.253314432542705
q_mae,P2,targeted,net2rect,1,22.622433940616716,18.162460358509115,0.21958521987147295
q_mae,P2,targeted,net2rect,2,15.332809119847443,22.787644876177914,-0.3962235782879526
q_mae,P2,targeted,net2rect,3,20.59998929925004,23.667905413178666,-0.13882937206383872
q_mae,P2,targeted,net2rect,4,13.815578071499285,24.094781984509172,-0.5561985006315338
q_mae,P2,targeted,net2rect,5,13.661972064278748,26.026397242445928,-0.6444950899982169
td_residual,P3,targeted,net2rect,1,2.1405124261379247,147.26460762405392,-2.1155928843275427
td_residual,P3,targeted,net2rect,2,3.064371806144714,18.37446365261078,-0.8955596322649605
td_residual,P3,targeted,net2rect,3,2.401881578087807,21.328440320968625,-1.091894493683221
td_residual,P3,targeted,net2rect,4,5.178903369307518,231.72116986083984,-1.9004707328602737
td_residual,P3,targeted,net2rect,5,3.8361478580236428,146.70245600891113,-1.8219688627981347
q_mae,P3,targeted,net2rect,1,14.717676048237621,34.049674725473935,-0.8387712560213254
q_mae,P3,targeted,net2rect,2,13.941913261475582,17.590145960620696,-0.2324392109851927
q_mae,P3,targeted,net2rect,3,20.650687102458136,18.976582951331817,0.08454284978299142
q_mae,P3,targeted,net2rect,4,18.788927540495763,66.51748189532677,-1.264197063038897
q_mae,P3,targeted,net2rect,5,19.346185072047483,42.04963969336014,-0.7763555717143054
td_residual,P1,full,net2rect,1,1.632303053736687,26.429270549774174,-1.3922400974567208
td_residual,P1,full,net2rect,2,1.4053479591608047,31.08516306877137,-1.5482228518586438
td_residual,P1,full,net2rect,3,1.4704656527042388,22.544633308410646,-1.3649589628450005
q_mae,P1,full,net2rect,1,62.36729423415445,64.79441136485676,-0.0381783481615976
q_mae,P1,full,net2rect,2,57.75284634811677,65.92588628409744,-0.13235854037239125
q_mae,P1,full,net2rect,3,62.71219513790045,66.52471248738618,-0.0590175664479613
td_residual,P2,full,net2rect,1,1.596148422718048,21.828440259933473,-1.307810113615196
td_residual,P2,full,net2rect,2,2.1112997231483464,22.65010187244415,-1.1864303046076075
td_residual,P2,full,net2rect,3,1.6210323373079292,59.3077864627838,-1.799838706064303
td_residual,P2,full,net2rect,4,1.8414337582588196,31.673031141281125,-1.4224605407562314
q_mae,P2,full,net2rect,1,68.30345900346026,64.47515045897953,0.05768052419518099
q_mae,P2,full,net2rect,2,63.38292161073836,65.55351231675198,-0.033672341098055725
q_mae,P2,full,net2rect,3,65.3287149499685,64.65095985477721,0.010428726473191041
q_mae,P2,full,net2rect,4,64.56622384826997,71.9214704521072,-0.10788341220917363
td_residual,P3,full,net2rect,1,1.5790779020786283,30.360846223831174,-1.4781563773645534
td_residual,P3,full,net2rect,2,1.5336958111524583,35.022001567840576,-1.5641480473750622
td_residual,P3,full,net2rect,3,1.4463890241384507,33.62599293899537,-1.573114622521564
td_residual,P3,full,net2rect,4,1.629057517528534,32.72952971649169,-1.5001380411739136
q_mae,P3,full,net2rect,1,62.52168213525491,79.17297353131796,-0.23612158654657023
q_mae,P3,full,net2rect,2,59.28894321511933,78.52991359622648,-0.28105678355988317
q_mae,P3,full,net2rect,3,60.07810157917307,71.86237483536205,-0.17910742048344996
q_mae,P3,full,net2rect,4,57.70825065539323,77.68978954696186,-0.29732368449057756
